FID,Shape,AREA,NEW,FULL,Area,District,2018ppl,2018income,2018power,2018datanum,2019ppl,2019income,2019power,2019datanum,2020ppl,2020income,2020power,2020datanum
48,Polygon,534368.337,6301100033,臺北市士林區三玉里,士林區,三玉里,6054,3582996,2587782,"2,194",5982,2949318,2455577,"2,192",5880,2788618,2934344,"2,188"
87,Polygon,122044.8368,6301100001,臺北市士林區仁勇里,士林區,仁勇里,4105,1484352,23512,11,4022,1403625,31570,13,3943,1327131,32879,16
19,Polygon,1832702.278,6301100044,臺北市士林區公館里,士林區,公館里,1430,751972,552143,571,1415,672460,546019,569,1413,576588,585260,568
35,Polygon,165887.9018,6301100040,臺北市士林區天山里,士林區,天山里,7282,3380129,3080189,"2,564",7231,3017821,2975765,"2,558",7191,2990034,3403616,"2,557"
18,Polygon,1860417.892,6301100042,臺北市士林區天母里,士林區,天母里,7042,6010500,3554416,"2,692",7006,5611223,3536713,"2,670",6927,5856387,4118537,"2,665"
37,Polygon,255150.9741,6301100041,臺北市士林區天玉里,士林區,天玉里,9411,5158674,4149879,"3,438",9277,4939244,3981432,"3,409",9144,4763421,4603734,"3,405"
33,Polygon,405724.5868,6301100039,臺北市士林區天和里,士林區,天和里,8004,4473387,2906709,"2,648",7880,3948883,2797428,"2,644",7747,3719228,3268417,"2,638"
49,Polygon,140788.8031,6301100037,臺北市士林區天祿里,士林區,天祿里,5513,2508479,2353661,"2,056",5473,2202965,2204872,"2,052",5403,2178598,2500792,"2,048"
44,Polygon,212753.1633,6301100038,臺北市士林區天壽里,士林區,天壽里,5342,3833137,2732055,"2,023",5314,3376232,2660851,"2,021",5296,3195332,3200293,"2,022"
47,Polygon,205378.1712,6301100036,臺北市士林區天福里,士林區,天福里,6693,3007503,2746646,"2,344",6700,2463747,2588839,"2,343",6644,2518271,2909135,"2,341"
3,Polygon,6429149.862,6301100048,臺北市士林區平等里,士林區,平等里,1536,510176,478762,759,1547,322729,463178,757,1513,483668,518540,753
82,Polygon,628131.4742,6301100022,臺北市士林區永倫里,士林區,永倫里,7445,1923604,3527,2,7277,1484608,3745,2,7210,1439866,10173,4
51,Polygon,1371651.797,6301100043,臺北市士林區永福里,士林區,永福里,1299,2768427,748605,363,1272,1757130,706551,364,1268,1747470,783513,363
72,Polygon,392402.9103,6301100026,臺北市士林區名山里,士林區,名山里,7418,3402377,2823400,"2,619",7375,2933004,2541615,"2,620",7246,2896233,2949522,"2,618"
106,Polygon,148410.3891,6301100011,臺北市士林區百齡里,士林區,百齡里,7501,2198843,7459,5,7393,1724333,8147,5,7199,1690990,8224,6
68,Polygon,491042.9414,6301100025,臺北市士林區岩山里,士林區,岩山里,3507,1867070,1200581,"1,179",3511,1450575,1150695,"1,181",3439,1325449,1355746,"1,181"
69,Polygon,146588.7211,6301100030,臺北市士林區忠誠里,士林區,忠誠里,5793,3515703,2441276,"2,082",5744,2796203,2226712,"2,081",5615,2807249,2629870,"2,081"
109,Polygon,162951.9691,6301100012,臺北市士林區承德里,士林區,承德里,5761,2485479,3096,2,5725,1938004,4059,3,5623,1898520,936,1
117,Polygon,296094.4967,6301100014,臺北市士林區明勝里,士林區,明勝里,5166,1746918,5568,4,5026,1437740,5714,4,4964,1442833,5164,4
28,Polygon,1507225.644,6301100032,臺北市士林區東山里,士林區,東山里,5366,3198152,2176611,"1,836",5339,2734253,2065855,"1,831",5214,2764616,2329738,"1,830"
84,Polygon,374240.59,6301100019,臺北市士林區社子里,士林區,社子里,6807,1755513,7064,3,6731,1370069,11368,5,6631,1379498,10560,4
83,Polygon,203886.3723,6301100021,臺北市士林區社園里,士林區,社園里,7702,1832262,4578,3,7647,1419846,3930,3,7466,1335333,4449,3
94,Polygon,408231.4526,6301100020,臺北市士林區社新里,士林區,社新里,9598,2329512,1068,1,9476,1696916,1028,1,9278,1684761,2011,2
39,Polygon,1104338.4,6301100031,臺北市士林區芝山里,士林區,芝山里,7868,5108131,3256981,"2,756",7846,4613666,3070341,"2,753",7820,4612638,3456612,"2,751"
98,Polygon,168467.4138,6301100010,臺北市士林區前港里,士林區,前港里,4820,1713495,17340,10,4698,1353867,19377,11,4620,1337379,23111,15
81,Polygon,581455.6709,6301100008,臺北市士林區後港里,士林區,後港里,8574,2999073,15883,7,8465,2384876,18607,8,8328,2314351,27443,13
113,Polygon,288830.3821,6301100016,臺北市士林區富光里,士林區,富光里,6156,1424950,2767,2,6166,1077954,21716,8,6083,1084777,24041,8
50,Polygon,2424148.195,6301100024,臺北市士林區富洲里,士林區,富洲里,6052,1345038,NA,NA,6209,1016705,2017,2,6284,1096150,1230,1
1,Polygon,11718107.99,6301100047,臺北市士林區菁山里,士林區,菁山里,1665,958532,252931,307,1623,1047721,247448,307,1591,974113,252521,305
7,Polygon,2186367.63,6301100046,臺北市士林區陽明里,士林區,陽明里,3101,2206122,837490,783,3102,1946673,803512,785,3054,1900886,916734,787
23,Polygon,1914306.698,6301100045,臺北市士林區新安里,士林區,新安里,1971,5159092,980341,895,1960,3447279,918549,895,1893,3247832,993470,892
8,Polygon,10201469.63,6301100049,臺北市士林區溪山里,士林區,溪山里,1579,396949,1381,3,1553,270341,1349,3,1522,313386,4047,4
92,Polygon,183333.289,6301100002,臺北市士林區義信里,士林區,義信里,3405,1499718,27422,12,3414,1294423,26298,12,3301,1214802,23516,12
65,Polygon,109090.9986,6301100029,臺北市士林區聖山里,士林區,聖山里,5300,2524566,1998333,"1,877",5182,2300108,1877003,"1,874",5137,2275148,2291043,"1,869"
97,Polygon,192893.5763,6301100018,臺北市士林區葫東里,士林區,葫東里,4281,1217020,10813,4,4273,961575,11734,5,4206,978416,16552,10
103,Polygon,310452.8216,6301100017,臺北市士林區葫蘆里,士林區,葫蘆里,8044,2145266,4998,2,7926,1638878,4193,2,7778,1678180,6402,3
95,Polygon,254902.1072,6301100009,臺北市士林區福中里,士林區,福中里,7302,2436234,7651,3,7189,2120365,6978,3,7029,1907649,7692,3
53,Polygon,2549619.409,6301100023,臺北市士林區福安里,士林區,福安里,4992,939437,14400,1,4970,697631,10800,1,5017,749333,1190,1
75,Polygon,357904.1326,6301100005,臺北市士林區福志里,士林區,福志里,7882,4449113,56455,18,7809,4411890,62621,21,7708,4290532,27016,20
78,Polygon,514638.5008,6301100007,臺北市士林區福佳里,士林區,福佳里,8156,3243504,89598,19,8038,2814895,85936,20,7988,2821910,76059,19
77,Polygon,2074407.638,6301100003,臺北市士林區福林里,士林區,福林里,3139,2477993,26099,8,3075,1925736,26611,6,2994,2197630,24112,8
112,Polygon,148655.4955,6301100013,臺北市士林區福華里,士林區,福華里,6637,1593871,1862,8,6458,1222783,5586,7,6316,1265742,7336,10
110,Polygon,210722.3242,6301100015,臺北市士林區福順里,士林區,福順里,5579,1505069,14047,7,5609,1166063,12314,7,5577,1155704,15398,8
85,Polygon,292375.1887,6301100004,臺北市士林區福德里,士林區,福德里,6048,1849437,14885,11,6039,1514732,16127,11,5878,1663888,16528,13
61,Polygon,1609199.224,6301100050,臺北市士林區翠山里,士林區,翠山里,2753,1238209,8992,3,2729,1011196,8251,3,2675,986152,16787,4
71,Polygon,196020.8745,6301100027,臺北市士林區德行里,士林區,德行里,4577,2055492,1999846,"1,989",4547,1886438,1928824,"1,986",4552,1862611,2124396,"1,984"
74,Polygon,291612.0543,6301100028,臺北市士林區德華里,士林區,德華里,5864,2176633,2334938,"2,232",5818,1810052,2284615,"2,228",5781,1815094,2518150,"2,228"
60,Polygon,2282772.992,6301100051,臺北市士林區臨溪里,士林區,臨溪里,3056,2590756,34089,11,3009,2273695,35714,11,2923,2465608,42309,19
76,Polygon,168238.787,6301100006,臺北市士林區舊佳里,士林區,舊佳里,6483,2644901,71949,12,6380,2237213,76059,13,6259,2231551,69874,14
62,Polygon,211738.85,6301100034,臺北市士林區蘭雅里,士林區,蘭雅里,9111,4511528,3708021,"3,346",9076,3964276,3529761,"3,334",8960,3854486,4111787,"3,326"
58,Polygon,266493.9751,6301100035,臺北市士林區蘭興里,士林區,蘭興里,6765,3281604,2982151,"2,581",6593,2695540,2746192,"2,577",6514,2682966,3176524,"2,579"
178,Polygon,207423.4221,6300600009,臺北市大同區大有里,大同區,大有里,5105,1733370,2023367,"1,968",4931,1393340,1912892,"1,960",4812,1412948,2057080,"1,958"
169,Polygon,218665.0569,6300600013,臺北市大同區民權里,大同區,民權里,6847,2624403,12884,13,6695,2242024,13520,10,6663,2142456,15228,11
204,Polygon,215592.8983,6300600005,臺北市大同區永樂里,大同區,永樂里,5553,2769003,27171,13,5433,2317956,20998,15,5211,2273297,25409,17
217,Polygon,322224.1776,6300600001,臺北市大同區玉泉里,大同區,玉泉里,3079,1214073,402161,461,3032,1194262,389213,462,2949,1032578,427128,457
199,Polygon,132466.9166,6300600008,臺北市大同區光能里,大同區,光能里,5353,1918420,14105,6,5344,1584448,12284,5,5275,1632218,3932,4
122,Polygon,601884.4748,6300600024,臺北市大同區老師里,大同區,老師里,6089,1611169,6362,3,6011,1264210,3500,8,5931,1311910,4509,8
140,Polygon,245982.4685,6300600022,臺北市大同區至聖里,大同區,至聖里,8280,2716052,1481192,"1,373",8186,2295100,1406522,"1,375",7978,2260274,1536337,"1,378"
177,Polygon,92409.07631,6300600010,臺北市大同區延平里,大同區,延平里,4317,1400095,1747981,"1,908",4290,1101994,1684251,"1,909",4214,1079649,1818409,"1,908"
134,Polygon,185349.8114,6300600026,臺北市大同區保安里,大同區,保安里,4233,1746331,33356,8,4154,2020485,33420,8,3998,1632842,27954,7
166,Polygon,213037.3708,6300600012,臺北市大同區南芳里,大同區,南芳里,4284,1339824,1584882,"1,558",4254,1040845,1511244,"1,545",4138,1043050,1629662,"1,540"
216,Polygon,120453.9545,6300600003,臺北市大同區建功里,大同區,建功里,4895,1887316,1219838,"1,400",4906,1656959,1152764,"1,392",4823,1574479,1222482,"1,395"
230,Polygon,140008.5073,6300600002,臺北市大同區建明里,大同區,建明里,3457,1338101,2150707,"2,426",3397,1131088,2106080,"2,419",3309,1241419,2110140,"2,406"
219,Polygon,127971.9716,6300600004,臺北市大同區建泰里,大同區,建泰里,3943,1584898,1882653,"1,744",3895,1389613,1775844,"1,729",3885,1363147,1919453,"1,689"
201,Polygon,155550.3019,6300600007,臺北市大同區星明里,大同區,星明里,6457,2488461,650221,624,6376,2265278,614746,624,6301,2248448,659090,623
120,Polygon,443137.1249,6300600025,臺北市大同區重慶里,大同區,重慶里,6789,2385704,19685,5,6710,1985538,19432,5,6799,2134302,19987,6
145,Polygon,128629.5663,6300600017,臺北市大同區國順里,大同區,國順里,2824,579029,845719,907,2739,406940,774308,852,2653,411597,836126,852
143,Polygon,117452.8509,6300600018,臺北市大同區國慶里,大同區,國慶里,4572,1830288,649838,589,4607,1551251,612011,587,4705,1583274,662651,584
146,Polygon,66614.93571,6300600019,臺北市大同區揚雅里,大同區,揚雅里,4518,1144205,1340001,"1,402",4580,978164,1272582,"1,397",4454,964854,1390676,"1,400"
147,Polygon,109788.3427,6300600020,臺北市大同區斯文里,大同區,斯文里,5215,1650872,1916212,"1,930",4894,1376874,1806269,"1,927",4747,1228182,1930569,"1,926"
159,Polygon,111227.6518,6300600014,臺北市大同區景星里,大同區,景星里,2803,626610,939347,"1,023",2746,475511,878936,"1,021",2712,469672,938020,"1,007"
203,Polygon,103298.5964,6300600006,臺北市大同區朝陽里,大同區,朝陽里,4563,1834549,4246,3,4474,1669067,10378,5,4433,1587733,13081,8
158,Polygon,120230.6779,6300600015,臺北市大同區隆和里,大同區,隆和里,3282,980551,1217438,"1,165",3212,817199,1163544,"1,160",3363,1013770,1247190,"1,156"
157,Polygon,151336.1469,6300600016,臺北市大同區蓬萊里,大同區,蓬萊里,5077,2052716,1983270,"1,987",5064,1745555,1883108,"1,976",4996,1701049,2052904,"1,971"
139,Polygon,227309.0039,6300600021,臺北市大同區鄰江里,大同區,鄰江里,6662,1890362,145062,126,6549,1570926,136281,128,6560,1412375,141910,128
181,Polygon,216288.5329,6300600011,臺北市大同區雙連里,大同區,雙連里,9903,3071335,603097,563,9837,2489027,566937,558,9671,2803663,580633,548
401,Polygon,191477.4755,6300300043,臺北市大安區大學里,大安區,大學里,8817,4705534,3544161,"3,130",8869,4250712,3390840,"3,114",8797,4205770,3857618,"3,110"
288,Polygon,211158.2587,6300300005,臺北市大安區仁愛里,大安區,仁慈里,5417,5964054,2349137,"1,760",5380,5920888,2247333,"1,758",5267,5964049,2433356,"1,757"
307,Polygon,122040.5886,6300300002,臺北市大安區仁慈里,大安區,仁愛里,5826,4078959,3636031,"2,050",5871,3301630,3421132,"2,035",5819,3341788,3587398,"2,025"
396,Polygon,106572.1341,6300300013,臺北市大安區古風里,大安區,古風里,4294,3330716,606315,536,4353,2241634,559403,535,4287,2345754,683847,534
374,Polygon,223009.3713,6300300014,臺北市大安區古莊里,大安區,古莊里,7456,3977293,33085,13,7563,3675939,33611,12,7647,3679256,33362,14
292,Polygon,107611.6142,6300300052,臺北市大安區正聲里,大安區,正聲里,5017,4349429,2277417,"1,698",4923,3634928,2305784,"1,690",4810,3685411,2527781,"1,683"
305,Polygon,259810.9712,6300300004,臺北市大安區民炤里,大安區,民炤里,8415,8284604,3991187,"3,088",8454,7839933,3729345,"3,086",8396,6901427,4172131,"3,084"
262,Polygon,344875.5116,6300300007,臺北市大安區民輝里,大安區,民輝里,6986,6805147,179179,101,6844,6393329,200219,108,6735,6149518,183935,108
325,Polygon,122323.7293,6300300018,臺北市大安區永康里,大安區,永康里,4049,2340381,1554439,"1,303",4036,2116148,1458348,"1,303",3990,2102044,1602975,"1,298"
319,Polygon,122789.2183,6300300019,臺北市大安區光明里,大安區,光明里,3960,3791567,1393344,"1,225",3995,4070907,1320878,"1,227",4082,3891090,1446299,"1,222"
265,Polygon,200100.6479,6300300010,臺北市大安區光武里,大安區,光武里,7767,4255713,23162,9,7642,3786820,30316,11,7474,3985468,27245,14
312,Polygon,137545.1444,6300300056,臺北市大安區光信里,大安區,光信里,8101,4596455,2028352,"1,551",7997,4052712,2021448,"1,554",7898,4249239,2206085,"1,553"
360,Polygon,131288.5917,6300300035,臺北市大安區全安里,大安區,全安里,4504,3012821,16201,6,4437,3152895,20833,7,4404,2816718,22673,9
332,Polygon,134672.9495,6300300029,臺北市大安區住安里,大安區,住安里,5340,3028312,1666026,"1,670",5253,2942574,1580350,"1,638",5102,2675256,1688595,"1,621"
271,Polygon,121859.4347,6300300055,臺北市大安區車層里,大安區,車層里,6538,4678164,36261,15,6515,4076314,35311,15,6390,3910569,39464,19
306,Polygon,298034.4391,6300300003,臺北市大安區和安里,大安區,和安里,7456,8545296,2470181,"2,134",7345,8433951,2298154,"2,123",7128,8420903,2535926,"2,075"
270,Polygon,139807.6192,6300300008,臺北市大安區昌隆里,大安區,昌隆里,3149,2399536,NA,NA,3138,2162355,40,1,3089,2170458,41,2
365,Polygon,110962.8106,6300300034,臺北市大安區法治里,大安區,法治里,4607,2219923,12665,5,4548,1895289,14197,7,4457,1883358,13587,8
387,Polygon,195223.0312,6300300039,臺北市大安區臥龍里,大安區,臥龍里,2314,1285448,26188,6,2434,1231096,22556,7,2402,1369999,25323,9
391,Polygon,275461.7613,6300300044,臺北市大安區芳和里,大安區,芳和里,5891,2287800,2155822,"2,076",5840,1956786,2091988,"2,070",5780,1977229,2275411,"2,065"
388,Polygon,145226.0513,6300300038,臺北市大安區虎嘯里,大安區,虎嘯里,3963,2366684,2083303,"1,722",3947,2067540,2005696,"1,720",3846,2112447,2172984,"1,715"
268,Polygon,150358.9266,6300300049,臺北市大安區建安里,大安區,建安里,5166,3509039,36384,10,5089,3120623,43798,15,4932,2945789,43372,20
289,Polygon,167013.3941,6300300050,臺北市大安區建倫里,大安區,建倫里,6462,4983939,16459,4,6436,5485950,29444,8,6384,4998989,35392,12
336,Polygon,118110.1385,6300300031,臺北市大安區通化里,大安區,通化里,6337,2520957,32098,18,6313,2194167,36669,20,6254,2255831,39722,22
335,Polygon,117749.7599,6300300032,臺北市大安區通安里,大安區,通安里,5691,2426028,13513,3,5568,2012974,18720,8,5459,2048689,14068,9
309,Polygon,177985.364,6300300051,臺北市大安區敦安里,大安區,敦安里,6676,6279246,7249,5,6656,5638635,6051,4,6561,5370092,11782,7
311,Polygon,131046.0441,6300300053,臺北市大安區敦煌里,大安區,敦煌里,6636,4690295,19018,4,6569,3816954,19196,4,6470,3784420,18004,4
266,Polygon,131992.418,6300300054,臺北市大安區華聲里,大安區,華聲里,4380,2389779,2103895,"1,585",4360,2169700,2080563,"1,585",4338,2982510,2278054,"1,580"
345,Polygon,92530.00743,6300300023,臺北市大安區新龍里,大安區,新龍里,7177,3632040,2821,3,7247,3425470,2610,2,7164,3442757,2684,2
367,Polygon,68686.80475,6300300037,臺北市大安區群英里,大安區,義安里,7054,3231932,5896,3,7033,2849750,5785,2,6929,2757555,10848,4
366,Polygon,143400.9622,6300300036,臺北市大安區群賢里,大安區,義村里,5992,3575921,6062,3,5921,3130340,4534,2,5811,3347054,6302,4
334,Polygon,173207.7024,6300300030,臺北市大安區義安里,大安區,群英里,5466,5727453,2392163,"2,530",5411,4940211,2337992,"2,527",5334,4786489,2544795,"2,521"
287,Polygon,245902.473,6300300006,臺北市大安區義村里,大安區,群賢里,5702,3428483,2129594,"1,773",5590,3242389,2067969,"1,762",5471,3228249,2269100,"1,761"
267,Polygon,112380.1644,6300300009,臺北市大安區誠安里,大安區,誠安里,4152,1944828,856720,770,4105,1689131,817120,767,4033,1760764,860589,762
329,Polygon,144089.5312,6300300017,臺北市大安區福住里,大安區,福住里,6889,4301057,8756,5,6892,3885963,9296,5,6886,4210296,9353,5
308,Polygon,146264.8838,6300300001,臺北市大安區德安里,大安區,德安里,5918,4121708,2712310,"2,176",5920,3669639,2590436,"2,174",5821,3604000,2800348,"2,161"
408,Polygon,293010.4654,6300300046,臺北市大安區黎元里,大安區,黎元里,5710,1605035,1375060,"1,322",5656,1250284,1315448,"1,321",5584,1292652,1455653,"1,322"
400,Polygon,273733.7728,6300300047,臺北市大安區黎孝里,大安區,黎孝里,7817,2989662,3068417,"2,818",7810,2484236,3003435,"2,817",7701,2376157,3228683,"2,813"
407,Polygon,502239.9914,6300300048,臺北市大安區黎和里,大安區,黎和里,4956,2024392,1870637,"1,953",4856,1656204,1816802,"1,923",4607,1621763,1920114,"1,853"
399,Polygon,2285205.749,6300300057,臺北市大安區學府里,大安區,學府里,2811,896484,278235,269,2744,789984,263189,269,2681,711565,286375,267
352,Polygon,160516.3744,6300300016,臺北市大安區錦安里,大安區,錦安里,6465,4683022,874509,840,6490,4252909,832280,840,6476,3951818,958983,840
342,Polygon,139307.8867,6300300020,臺北市大安區錦泰里,大安區,錦泰里,3922,2185101,1691,1,3980,1955206,1843,1,4040,1972140,1884,1
356,Polygon,107470.0727,6300300021,臺北市大安區錦華里,大安區,錦華里,6234,3675428,9853,4,6273,3427073,9696,4,6266,3514601,7623,4
364,Polygon,125137.6949,6300300028,臺北市大安區龍生里,大安區,龍生里,7136,4147457,2217,1,7137,3608105,4516,2,7113,3621894,3982,2
348,Polygon,176678.3531,6300300015,臺北市大安區龍安里,大安區,龍安里,8397,5330796,2315192,"1,933",8449,4823220,2147712,"1,936",8397,5491921,2429126,"1,931"
380,Polygon,145214.8842,6300300011,臺北市大安區龍坡里,大安區,龍坡里,6146,3524484,1939587,"1,837",6125,3109856,1684524,"1,836",6043,3049464,2123148,"1,810"
330,Polygon,509925.8645,6300300041,臺北市大安區龍門里,大安區,龍門里,4645,3171351,4107,2,4710,2766687,3241,1,4661,2931159,3907,2
379,Polygon,97264.30456,6300300012,臺北市大安區龍泉里,大安區,龍泉里,5158,2685622,9566,3,5318,2455037,16909,4,5331,2585695,17594,6
350,Polygon,88673.5926,6300300026,臺北市大安區龍陣里,大安區,龍陣里,3550,2075059,20614,10,3523,1896651,29105,12,3495,1990678,17300,9
385,Polygon,173439.7433,6300300040,臺北市大安區龍淵里,大安區,龍淵里,10338,5262553,37336,9,10424,4460061,31197,10,10238,4635305,35598,11
346,Polygon,161143.4795,6300300027,臺北市大安區龍雲里,大安區,龍雲里,4971,4741479,1844570,"1,402",4909,4922686,1805921,"1,402",4789,4725200,1981713,"1,401"
331,Polygon,219054.2034,6300300022,臺北市大安區龍圖里,大安區,龍圖里,6968,4316607,41844,11,6999,3856399,39917,11,6885,3860364,40993,13
351,Polygon,73196.56071,6300300033,臺北市大安區臨江里,大安區,臨江里,4236,1309658,17954,8,4182,1104987,16490,9,4134,1100302,14038,10
226,Polygon,290659.0086,6300400039,臺北市中山區力行里,中山區,力行里,6213,5528552,2084885,"1,703",6158,4936432,2022992,"1,696",6223,4853065,2349947,"1,684"
153,Polygon,192113.5111,6300400027,臺北市中山區下埤里,中山區,下埤里,7699,3337844,3099880,"2,912",7654,2815350,2982607,"2,905",7562,2793926,3479180,"2,905"
126,Polygon,1262458.585,6300400017,臺北市中山區大佳里,中山區,大佳里,1146,275632,171974,106,1097,206647,178226,104,1109,210691,198232,104
90,Polygon,635106.8417,6300400014,臺北市中山區大直里,中山區,大直里,9758,4093412,17559,5,9619,3394939,20281,6,9451,3301489,18379,7
190,Polygon,164856.8302,6300400006,臺北市中山區中山里,中山區,中山里,6813,2869697,1005526,"1,222",6838,2475914,966437,"1,214",6779,2490754,1026176,"1,212"
193,Polygon,248720.4119,6300400033,臺北市中山區中央里,中山區,中央里,3877,2177027,1554280,"1,378",3814,1764843,1464146,"1,371",3721,1714978,1710884,"1,368"
192,Polygon,193284.4122,6300400030,臺北市中山區中吉里,中山區,中吉里,5856,3057421,6770,5,5891,2848558,9661,6,5806,2652763,9968,9
180,Polygon,145686.8844,6300400023,臺北市中山區中庄里,中山區,中庄里,5263,1882291,4570,2,5220,1584507,11157,5,5056,1521900,13978,9
191,Polygon,169403.1582,6300400031,臺北市中山區中原里,中山區,中原里,5210,2665236,6130,2,5204,2329315,10803,4,5205,2322151,11382,6
88,Polygon,430941.206,6300400042,臺北市中山區北安里,中山區,北安里,2750,1143886,1658,1,2715,910070,1509,1,2670,907128,2977,2
242,Polygon,100655.5459,6300400001,臺北市中山區正守里,中山區,正守里,3276,1556754,16127,5,3313,1306723,21537,8,3282,1296525,17451,7
222,Polygon,145425.7688,6300400003,臺北市中山區正得里,中山區,正得里,3705,2540630,2462396,"2,695",3732,2131576,2457228,"2,689",3660,2227378,2696101,"2,643"
223,Polygon,133892.7077,6300400002,臺北市中山區正義里,中山區,正義里,5385,1863467,33185,15,5326,2114714,40235,16,5260,1507649,36976,22
194,Polygon,209937.1948,6300400004,臺北市中山區民安里,中山區,民安里,4647,2199181,1005250,"1,034",4572,1959209,939853,979,4564,1860548,1040213,974
118,Polygon,339356.4602,6300400016,臺北市中山區永安里,中山區,永安里,9924,7282939,44732,15,9916,6745621,48127,17,9683,7252727,53359,22
104,Polygon,643793.8477,6300400015,臺北市中山區成功里,中山區,成功里,7230,8059297,25704,13,7152,7688757,35804,19,7046,6833355,43083,24
245,Polygon,127543.8036,6300400038,臺北市中山區朱崙里,中山區,朱崙里,2895,1481994,1969,1,2923,1377307,2361,2,2962,1463856,7044,4
225,Polygon,274595.9836,6300400036,臺北市中山區朱園里,中山區,朱園里,4678,3668533,2892879,"2,584",4645,3496850,2783583,"2,586",4610,3538482,2983015,"2,573"
196,Polygon,181273.1835,6300400034,臺北市中山區朱馥里,中山區,朱馥里,6121,2368037,851268,823,6083,2044452,810571,821,6023,1975679,964496,815
182,Polygon,199450.6107,6300400029,臺北市中山區江山里,中山區,江山里,7780,3493370,1271799,"1,079",7676,3001512,1203153,"1,067",7554,3038174,1441852,"1,070"
175,Polygon,172667.0228,6300400028,臺北市中山區江寧里,中山區,江寧里,7139,3418699,1566836,"1,365",7106,3018620,1502744,"1,360",6989,2951080,1796898,"1,362"
152,Polygon,196221.7653,6300400025,臺北市中山區行仁里,中山區,行仁里,8438,2643354,3063793,"2,712",8335,2081083,2920212,"2,709",8142,2084526,3382826,"2,706"
151,Polygon,121044.4367,6300400026,臺北市中山區行孝里,中山區,行孝里,4228,1280764,1595156,"1,418",4222,1041091,1522868,"1,418",4232,1076915,1744174,"1,416"
150,Polygon,178391.8728,6300400024,臺北市中山區行政里,中山區,行政里,7642,2079313,2297609,"2,030",7534,1674256,2229644,"2,029",7454,1668848,2500707,"2,027"
174,Polygon,193600.1036,6300400021,臺北市中山區松江里,中山區,松江里,6766,5598296,1528555,"1,216",6585,4846931,1419824,"1,143",6497,3860897,1610797,"1,146"
107,Polygon,1103473.697,6300400041,臺北市中山區金泰里,中山區,金泰里,8057,6825218,7926,3,8081,6703096,13988,6,8123,7517030,37781,17
161,Polygon,130596.0675,6300400010,臺北市中山區恆安里,中山區,恆安里,5011,2918716,30712,13,4985,3028074,32832,13,5049,2894367,28089,15
254,Polygon,165564.2441,6300400037,臺北市中山區埤頭里,中山區,埤頭里,3416,1405598,693814,615,3334,1203596,654323,611,3311,1309839,714630,611
211,Polygon,155243.2265,6300400005,臺北市中山區康樂里,中山區,康樂里,2627,1164738,11624,3,2625,980459,13095,4,2640,957875,11421,4
212,Polygon,223356.5678,6300400040,臺北市中山區復華里,中山區,復華里,4852,2846867,2641989,"2,271",4810,2587823,2585715,"2,271",4766,2577876,3018960,"2,271"
156,Polygon,109372.5668,6300400011,臺北市中山區晴光里,中山區,晴光里,5605,2638372,39263,18,5577,3020253,37595,19,5520,2607461,21338,11
148,Polygon,333906.4183,6300400008,臺北市中山區集英里,中山區,集英里,7432,4456451,3598224,"3,532",7406,3384143,3469065,"3,527",7330,3140444,3755446,"3,525"
128,Polygon,582101.8339,6300400012,臺北市中山區圓山里,中山區,圓山里,4360,1622601,2072765,"2,227",4352,1299854,1995934,"2,223",4282,1211378,2249384,"2,220"
172,Polygon,136789.701,6300400022,臺北市中山區新生里,中山區,新生里,5059,1748138,2752978,"2,368",4954,1397784,2630160,"2,371",4806,1306300,2875726,"2,366"
125,Polygon,635173.3044,6300400019,臺北市中山區新庄里,中山區,新庄里,5215,1485487,16568,6,5085,1173839,15300,7,4952,1096608,16133,8
149,Polygon,109333.7541,6300400018,臺北市中山區新喜里,中山區,新喜里,5533,1969978,2176686,"2,026",5418,1626316,2103201,"2,026",5276,1589816,2405639,"2,027"
163,Polygon,139193.0749,6300400020,臺北市中山區新福里,中山區,新福里,5293,2413889,1209281,"1,052",5281,2290261,1170098,"1,050",5245,2322728,1290634,"1,045"
183,Polygon,119010.5142,6300400007,臺北市中山區聚盛里,中山區,聚盛里,4302,1621977,2576568,"3,047",4216,1404107,2451864,"3,047",4213,1120176,2618622,"3,040"
171,Polygon,128903.4301,6300400009,臺北市中山區聚葉里,中山區,聚葉里,4088,2069461,2212128,"2,471",4064,1612370,2124716,"2,483",4019,1667460,2352197,"2,473"
89,Polygon,2501621.21,6300400013,臺北市中山區劍潭里,中山區,劍潭里,3904,1402968,9145,3,3821,1232013,8852,4,3773,1250591,10449,5
224,Polygon,247544.9561,6300400032,臺北市中山區興亞里,中山區,興亞里,5458,3268189,3376373,"2,963",5402,2766807,3204481,"2,954",5469,2733689,3383138,"2,947"
197,Polygon,68124.64809,6300400035,臺北市中山區龍洲里,中山區,龍洲里,5092,2257254,1719460,"1,838",5066,1979430,1637670,"1,835",5007,1920619,1958647,"1,832"
304,Polygon,215014.798,6300500031,臺北市中正區三愛里,中正區,三愛里,8971,6251925,61067,27,9085,5937247,66327,21,156030,5650130,65449,23
290,Polygon,171784.1627,6300500029,臺北市中正區文北里,中正區,文北里,5817,6656677,2370134,"1,707",5807,5729473,2299484,"1,707",2613,5678137,2493082,"1,703"
410,Polygon,106872.2792,6300500003,臺北市中正區文盛里,中正區,文盛里,2354,1088609,1135752,"1,017",2546,1021730,1097812,"1,016",8471,1066555,1254647,"1,009"
310,Polygon,121328.5877,6300500030,臺北市中正區文祥里,中正區,文祥里,8550,4762607,14711,6,8579,4439436,16400,6,3041,4321629,16577,7
413,Polygon,410550.9845,6300500001,臺北市中正區水源里,中正區,水源里,3077,1181706,1498650,"1,393",3081,1054351,1400388,"1,384",6220,1068466,1590205,"1,387"
361,Polygon,140985.1532,6300500011,臺北市中正區永功里,中正區,永功里,6471,2280993,2003630,"2,144",6302,1867505,1872859,"2,141",4876,1960794,2049668,"2,141"
362,Polygon,94837.25507,6300500012,臺北市中正區永昌里,中正區,永昌里,5119,1392437,1787754,"1,840",4981,1087030,1658277,"1,836",3900,1117289,1869288,"1,828"
233,Polygon,314028.0776,6300500023,臺北市中正區光復里,中正區,光復里,4040,1970805,2036240,"1,911",3892,1737634,1975271,"1,906",4400,1725031,2145665,"1,895"
279,Polygon,164843.2867,6300500027,臺北市中正區幸市里,中正區,幸市里,4580,4422285,2777859,"2,081",4532,4456620,2667311,"2,074",5756,4492373,2832249,"2,074"
263,Polygon,288101.6442,6300500026,臺北市中正區幸福里,中正區,幸福里,5930,2778586,2536849,"1,920",5816,2534506,2390702,"1,918",6290,2469195,2610447,"1,908"
349,Polygon,101067.3426,6300500014,臺北市中正區忠勤里,中正區,忠勤里,6586,1327845,24248,18,6470,954124,25727,20,4035,968471,22460,24
277,Polygon,746310.6689,6300500028,臺北市中正區東門里,中正區,東門里,4150,6236146,1492239,"1,344",4085,8167388,1366617,"1,343",3187,8482093,1534992,"1,330"
373,Polygon,90823.26646,6300500008,臺北市中正區板溪里,中正區,林興里,3372,1415364,1728859,"1,910",3259,1192070,1619335,"1,905",4809,1164163,1927932,"1,890"
406,Polygon,463274.8041,6300500004,臺北市中正區林興里,中正區,板溪里,4796,2419578,1274948,"1,270",4762,1944090,1260828,"1,265",4517,2046511,1404356,"1,263"
393,Polygon,155594.4113,6300500005,臺北市中正區河堤里,中正區,河堤里,4659,2188285,17759,8,4592,1852048,20461,8,2849,1761444,22752,11
316,Polygon,320981.8397,6300500017,臺北市中正區南門里,中正區,南門里,2935,3694189,4760,2,2927,3622294,9326,4,11997,3062896,7622,4
344,Polygon,240371.9096,6300500019,臺北市中正區南福里,中正區,南福里,11413,6307911,3755445,"3,567",11614,5880198,3497877,"3,565",1775,5982024,3923633,"3,555"
282,Polygon,605005.6946,6300500022,臺北市中正區建國里,中正區,建國里,1821,883834,320810,354,1806,768954,304044,345,3124,858776,320034,341
253,Polygon,459964.3391,6300500025,臺北市中正區梅花里,中正區,梅花里,3231,2161835,135386,93,3199,1906946,134677,91,5981,1839579,151201,90
383,Polygon,118848.3624,6300500006,臺北市中正區頂東里,中正區,頂東里,6142,2735946,38029,9,6006,2383557,33307,11,2649,2349742,39849,11
411,Polygon,306350.4254,6300500002,臺北市中正區富水里,中正區,富水里,2704,1101735,730473,803,2719,950522,743691,793,4921,913984,812247,793
333,Polygon,82430.18234,6300500015,臺北市中正區廈安里,中正區,廈安里,4946,1888267,NA,NA,5003,1577897,2463,1,3418,1556084,3563,3
314,Polygon,83118.6419,6300500016,臺北市中正區愛國里,中正區,愛國里,3524,1396271,12501,4,3469,1236882,12399,4,9878,1209373,14672,5
323,Polygon,156615.3747,6300500021,臺北市中正區新營里,中正區,新營里,10183,5238475,30062,19,9995,4595061,31675,19,5731,4772212,30053,21
395,Polygon,160157.0872,6300500007,臺北市中正區網溪里,中正區,網溪里,5937,2604195,1084458,"1,109",5881,2209373,1031425,"1,113",3481,2168639,1245134,"1,112"
239,Polygon,629831.7744,6300500024,臺北市中正區黎明里,中正區,黎明里,3470,1769657,563076,407,3478,1568567,544929,404,5546,1482847,539997,404
372,Polygon,111653.1771,6300500009,臺北市中正區螢圃里,中正區,螢圃里,5632,2439712,456293,455,5608,2332853,336368,456,4295,2127213,528710,456
370,Polygon,228041.3731,6300500010,臺北市中正區螢雪里,中正區,螢雪里,4455,1600608,8242,5,4442,1328611,9607,7,3568,1298047,10213,7
343,Polygon,160836.5359,6300500018,臺北市中正區龍光里,中正區,龍光里,3744,1630645,1009918,990,3667,1387118,948048,977,5829,1500003,1069913,976
322,Polygon,217699.7366,6300500020,臺北市中正區龍福里,中正區,龍福里,6285,2662579,1806879,"1,740",6090,2274691,1676749,"1,719",4119,2249260,1831419,"1,697"
347,Polygon,93719.63213,6300500013,臺北市中正區龍興里,中正區,龍興里,4466,1413343,888833,965,4297,1144735,782816,933,5643,1102691,879502,931
73,Polygon,2930175.495,6301000012,臺北市內湖區大湖里,內湖區,大湖里,5728,3203908,2388012,"2,308",5706,2733080,2235833,"2,307",11743,2695040,2425212,"2,304"
144,Polygon,311398.3181,6301000022,臺北市內湖區五分里,內湖區,五分里,11851,3551966,3138494,"3,057",11834,2802078,3051180,"3,055",6259,2797593,3389145,"3,051"
105,Polygon,157222.2853,6301000009,臺北市內湖區內湖里,內湖區,內湖里,6204,2932678,12929,10,6247,2647253,25443,13,283393,2801884,27535,15
67,Polygon,4312629.137,6301000025,臺北市內湖區內溝里,內湖區,內溝里,4937,1673959,1529352,"1,615",4871,1345104,1428240,"1,615",4837,1338712,1568021,"1,616"
154,Polygon,1093810.558,6301000028,臺北市內湖區石潭里,內湖區,石潭里,4173,2424943,820772,683,4181,2072778,807080,687,4062,2091079,906894,691
91,Polygon,1146570.034,6301000033,臺北市內湖區安泰里,內湖區,安泰里,5778,1771228,1547159,"1,814",5720,1267680,1483828,"1,816",5623,1300580,1603497,"1,819"
132,Polygon,156908.1382,6301000031,臺北市內湖區安湖里,內湖區,安湖里,8301,3150332,2362533,"2,187",8301,2607184,2283446,"2,189",8184,2584290,2541528,"2,186"
195,Polygon,358238.0527,6301000027,臺北市內湖區行善里,內湖區,行善里,7044,2357576,9318,1,7178,2031927,7254,2,7243,2078427,6567,3
79,Polygon,1225901.579,6301000003,臺北市內湖區西安里,內湖區,西安里,6807,2790972,2882,1,6733,2283331,6324,3,6628,2403534,5377,3
80,Polygon,1132396.771,6301000002,臺北市內湖區西康里,內湖區,西康里,9716,5066966,34409,17,9664,4327210,41697,20,9577,4328331,40504,23
101,Polygon,459293.7803,6301000001,臺北市內湖區西湖里,內湖區,西湖里,7445,2759499,20504,9,7342,2179328,16816,10,7146,2107689,16202,11
99,Polygon,519959.8241,6301000032,臺北市內湖區秀湖里,內湖區,秀湖里,6457,3846729,2780123,"2,327",6397,3578669,2607879,"2,329",6261,3317539,2869281,"2,328"
138,Polygon,93169.0889,6301000036,臺北市內湖區明湖里,內湖區,明湖里,6029,2067653,1542048,"1,483",6002,1752678,1439115,"1,481",5936,1745689,1611130,"1,480"
133,Polygon,154578.434,6301000023,臺北市內湖區東湖里,內湖區,東湖里,8099,2536648,2408394,"2,365",7860,1889790,2333120,"2,365",7799,2027862,2543136,"2,408"
116,Polygon,872959.5535,6301000034,臺北市內湖區金湖里,內湖區,金湖里,10605,8315905,5284392,"3,735",10548,8168564,4886945,"3,732",10412,7789300,5378645,"3,727"
70,Polygon,2379478.811,6301000014,臺北市內湖區金瑞里,內湖區,金瑞里,7014,2439534,1095098,"1,199",6997,2025541,1038553,"1,194",7029,2079786,1207355,"1,210"
100,Polygon,162636.3863,6301000013,臺北市內湖區金龍里,內湖區,金龍里,5595,1814336,1669469,"1,794",5490,1457052,1573019,"1,805",5423,1527982,1739560,"1,800"
142,Polygon,417890.4896,6301000040,臺北市內湖區南湖里,內湖區,南湖里,6117,3473510,2006762,"1,840",6149,3015997,2001902,"1,840",6142,3172758,2259916,"1,839"
124,Polygon,251525.3731,6301000035,臺北市內湖區康寧里,內湖區,康寧里,9592,3954379,2802621,"2,549",9599,3344056,2624439,"2,550",9525,3419537,2972683,"2,554"
108,Polygon,360527.0026,6301000017,臺北市內湖區清白里,內湖區,清白里,8862,5955374,4065658,"3,722",8892,5331291,3966744,"3,723",8807,5094999,4492476,"3,721"
111,Polygon,126617.956,6301000006,臺北市內湖區港都里,內湖區,港都里,5984,2496267,12248,7,5961,2170392,17598,10,5908,2111668,14994,10
93,Polygon,364968.1345,6301000007,臺北市內湖區港富里,內湖區,港富里,10062,3989327,14935,8,9963,3368572,26946,10,9813,3553831,30639,13
86,Polygon,696454.7218,6301000008,臺北市內湖區港華里,內湖區,港華里,9762,4357637,11185,8,9864,3710180,20044,13,9866,3831401,24237,16
115,Polygon,669795.3191,6301000005,臺北市內湖區港墘里,內湖區,港墘里,6414,2786914,18948,5,6346,2333507,43353,9,6300,2243920,31961,10
136,Polygon,2312865.945,6301000030,臺北市內湖區湖元里,內湖區,湖元里,5707,2625242,43952,11,5653,2145522,44048,12,5487,2026786,127238,29
131,Polygon,545276.1778,6301000029,臺北市內湖區湖興里,內湖區,湖興里,8872,3106076,8169,9,8710,2490831,13051,12,8633,2484103,11888,12
96,Polygon,670330.9559,6301000010,臺北市內湖區湖濱里,內湖區,湖濱里,8717,4571248,20503,7,8672,3910802,28223,8,8607,4031594,29187,11
114,Polygon,219117.4451,6301000011,臺北市內湖區紫星里,內湖區,紫星里,8271,3126860,3021081,"2,870",8247,2538043,2937188,"2,867",8033,2579993,3351902,"2,866"
119,Polygon,408299.3207,6301000019,臺北市內湖區紫陽里,內湖區,紫陽里,8401,3734646,26855,7,8240,3185346,26314,10,8178,3117405,24073,12
121,Polygon,365946.5069,6301000016,臺北市內湖區紫雲里,內湖區,紫雲里,6138,2119923,2087799,"2,062",6043,1769350,2011978,"2,064",5851,1748131,2233119,"2,056"
170,Polygon,545550.6283,6301000026,臺北市內湖區週美里,內湖區,週美里,8483,5086235,8332,7,8821,4937504,11242,11,9005,4811092,21815,15
129,Polygon,133650.6167,6301000021,臺北市內湖區瑞光里,內湖區,瑞光里,4803,1811752,1476,1,4711,1443065,874,1,4624,1425463,9156,6
123,Polygon,193549.6826,6301000020,臺北市內湖區瑞陽里,內湖區,瑞陽里,7998,3416972,559,1,7864,2776714,7605,4,7673,2855657,,"2,246"
137,Polygon,268343.6783,6301000018,臺北市內湖區葫洲里,內湖區,葫洲里,7908,3946462,2532291,"2,257",7939,3570438,2490066,"2,242",7863,3252130,2763783,"2,507"
54,Polygon,3719649.026,6301000015,臺北市內湖區碧山里,內湖區,碧山里,7356,2835913,2135483,"2,516",7354,2332114,1985845,"2,512",7204,2308204,2180201,"2,601"
135,Polygon,185482.5281,6301000024,臺北市內湖區樂康里,內湖區,樂康里,9093,2810089,2432652,"2,626",8911,2193998,2355654,"2,602",8749,2213256,2595435,13
102,Polygon,168950.9737,6301000038,臺北市內湖區麗山里,內湖區,麗山里,6396,2829616,20875,10,6362,2354232,25468,13,6268,2452258,23020,"3,632"
127,Polygon,1088175.292,6301000039,臺北市內湖區寶湖里,內湖區,寶湖里,9139,7537387,4855530,"3,625",9439,7513919,4693429,"3,616",9655,7502211,5310454,323
160,Polygon,771534.0642,6301000037,臺北市內湖區蘆洲里,內湖區,蘆洲里,1420,308161,383412,329,1416,218278,378108,329,1397,216357,390210,8
439,Polygon,560834.4737,6300800027,臺北市文山區木柵里,文山區,木柵里,9209,4713282,12394,6,9108,4210655,21614,10,9078,4276861,17108,8
445,Polygon,318182.6494,6300800028,臺北市文山區木新里,文山區,木新里,10513,3084266,15751,6,10380,2467542,21340,7,10209,2494242,19164,2
454,Polygon,3791315.615,6300800037,臺北市文山區老泉里,文山區,老泉里,971,145473,598,2,948,104727,1201,2,921,94418,1251,8
447,Polygon,144222.0581,6300800038,臺北市文山區忠順里,文山區,忠順里,4153,1984322,7003,5,4125,1781075,14477,6,4176,1878435,15433,4
444,Polygon,218475.7071,6300800025,臺北市文山區明義里,文山區,明義里,4399,1015557,10376,2,4694,874007,15149,4,4657,919740,14716,6
441,Polygon,206995.71,6300800026,臺北市文山區明興里,文山區,明興里,7069,2681249,2494,1,7038,2099319,7864,3,6848,2052336,9279,7
449,Polygon,6524937.503,6300800036,臺北市文山區指南里,文山區,指南里,4105,1584447,11335,7,4119,1253201,12414,7,4109,1300511,10466,17
436,Polygon,2765554.748,6300800040,臺北市文山區政大里,文山區,政大里,8073,4667440,15572,8,8108,4198188,30286,13,8078,4134397,35909,10
412,Polygon,4193077.064,6300800034,臺北市文山區博嘉里,文山區,博嘉里,6129,2766207,8223,5,6133,2034518,12381,8,6097,2312161,12290,"1,592"
432,Polygon,256806.8587,6300800005,臺北市文山區景仁里,文山區,景仁里,5377,2404419,1596008,"1,596",5704,2146067,1508307,"1,595",5773,2271261,1694574,"2,793"
443,Polygon,172876.6207,6300800001,臺北市文山區景行里,文山區,景行里,8052,3014175,2596281,"2,824",8028,2562303,2428233,"2,821",8236,2664309,2640961,"2,512"
438,Polygon,266355.5177,6300800002,臺北市文山區景東里,文山區,景東里,7739,2737128,2129333,"2,518",7658,2252452,2083311,"2,515",7512,2206626,2247977,"1,766"
440,Polygon,210692.4986,6300800003,臺北市文山區景美里,文山區,景美里,5447,2245397,1799552,"1,766",5450,1860340,1723822,"1,767",5375,1820278,1911917,"1,949"
434,Polygon,177516.48,6300800006,臺北市文山區景華里,文山區,景華里,6174,2318317,1914880,"1,957",6121,1910283,1847007,"1,953",6007,1846029,2077352,"2,099"
435,Polygon,384414.9399,6300800004,臺北市文山區景慶里,文山區,景慶里,6999,2281673,2012301,"2,096",6900,1859247,1942383,"2,094",6739,1862118,2139295,12
442,Polygon,624124.5974,6300800024,臺北市文山區華興里,文山區,華興里,9383,4280191,14769,5,9382,4160625,22105,7,9217,3631927,30258,5
450,Polygon,150653.113,6300800029,臺北市文山區順興里,文山區,順興里,7953,2572395,6899,3,7812,2102173,7529,3,7669,2010571,14289,"2,260"
416,Polygon,335756.6521,6300800010,臺北市文山區萬年里,文山區,萬年里,5543,2605556,2078531,"2,267",5433,2505512,1959628,"2,262",5355,2401197,2252465,"1,814"
428,Polygon,162668.349,6300800007,臺北市文山區萬有里,文山區,萬有里,5889,2498517,1789415,"1,822",5898,2121458,1753143,"1,822",5748,2077370,1966075,"1,268"
420,Polygon,336189.8705,6300800011,臺北市文山區萬和里,文山區,萬和里,3439,1414242,1168492,"1,278",3390,1367707,1119410,"1,269",3383,1342340,1300728,6
425,Polygon,373742.2136,6300800033,臺北市文山區萬芳里,文山區,萬芳里,8245,3122822,17971,3,8141,2465708,24473,4,8008,2512057,24811,16
419,Polygon,728705.2619,6300800039,臺北市文山區萬美里,文山區,萬美里,7625,3472684,37013,12,7526,2985791,42295,15,7434,3020039,41450,"1,963"
418,Polygon,351647.0518,6300800012,臺北市文山區萬盛里,文山區,萬盛里,4816,1988603,1849269,"1,966",4797,1621953,1811965,"1,967",4728,1554100,1965577,"1,719"
423,Polygon,103981.6774,6300800008,臺北市文山區萬祥里,文山區,萬祥里,4725,1685499,1657352,"1,722",4763,1395361,1617137,"1,719",4687,1380172,1835030,"2,558"
426,Polygon,123867.877,6300800009,臺北市文山區萬隆里,文山區,萬隆里,7628,3038364,2266021,"2,564",7541,2531329,2193667,"2,565",7482,2545292,2534069,10
422,Polygon,2952868.207,6300800035,臺北市文山區萬興里,文山區,萬興里,8877,4098419,14846,7,8872,3586749,12930,7,8772,3524435,20090,4
446,Polygon,426872.1089,6300800023,臺北市文山區試院里,文山區,試院里,7186,3153236,4397,6,7094,2727208,3950,5,6945,2732728,2450,2
452,Polygon,204254.0354,6300800041,臺北市文山區樟文里,文山區,樟文里,6450,2190059,3202,2,6351,1765038,4271,2,6337,1815670,3798,2
448,Polygon,238085.5367,6300800030,臺北市文山區樟林里,文山區,樟林里,8831,3261423,4340,3,8627,2582719,4553,3,8454,2491481,2904,7
455,Polygon,191317.4285,6300800031,臺北市文山區樟新里,文山區,樟新里,5893,2656586,3398,4,5832,2216443,6973,5,5712,2149937,12736,3
453,Polygon,178898.4491,6300800032,臺北市文山區樟腳里,文山區,樟腳里,6007,2578859,NA,NA,5936,2370699,NA,NA,5778,2195361,1187,6
451,Polygon,75837.13979,6300800043,臺北市文山區樟樹里,文山區,樟樹里,5184,1623100,12242,6,5081,1276236,15697,7,4936,1297422,10407,872
427,Polygon,359304.5622,6300800014,臺北市文山區興光里,文山區,興光里,3480,1484179,870059,877,3446,1205982,836782,876,3419,1395482,918074,"2,450"
430,Polygon,233582.6778,6300800018,臺北市文山區興安里,文山區,興安里,6959,3225800,2399012,"2,454",6976,2757293,2253534,"2,448",6970,2721358,2452399,"1,847"
421,Polygon,204668.9875,6300800042,臺北市文山區興邦里,文山區,興邦里,5105,2051880,1711997,"1,847",5083,1676501,1656404,"1,847",5048,1698513,1779002,"3,333"
417,Polygon,455999.6409,6300800020,臺北市文山區興旺里,文山區,興旺里,8720,3152867,2850383,"3,338",8647,2534113,2746103,"3,337",8490,2540266,2967289,"2,479"
414,Polygon,573336.3889,6300800022,臺北市文山區興昌里,文山區,興昌里,7003,3295322,2314831,"2,478",6885,2860825,2271414,"2,477",6746,2792919,2486446,3
437,Polygon,159094.2949,6300800015,臺北市文山區興家里,文山區,興家里,7841,2679938,2945,3,7729,2099918,2725,4,7576,2076274,3216,"1,683"
415,Polygon,451986.912,6300800021,臺北市文山區興泰里,文山區,興泰里,4062,1666991,1645276,"1,685",4060,1474282,1597395,"1,684",4069,1418075,1718153,"1,717"
431,Polygon,623233.1173,6300800016,臺北市文山區興得里,文山區,興得里,6106,2084061,1798957,"1,720",6013,1688698,1684287,"1,717",5991,1742598,1888347,"2,021"
429,Polygon,127970.6475,6300800017,臺北市文山區興業里,文山區,興業里,5590,2255470,2007054,"2,024",5604,1898115,1881394,"2,022",5442,1769262,2130670,"1,832"
433,Polygon,115600.1698,6300800019,臺北市文山區興福里,文山區,興福里,6083,2115024,1768190,"1,835",6014,1683242,1641053,"1,830",5917,1693666,1808917,"1,709"
424,Polygon,193605.0991,6300800013,臺北市文山區興豐里,文山區,興豐里,5077,2309652,1817272,"1,708",5009,2002878,1733820,"1,708",5028,1990364,1869555,"2,642"
20,Polygon,2711620.927,6301200037,臺北市北投區一德里,北投區,一德里,7837,2676428,2616545,"2,647",7780,2103791,2333983,"2,647",7676,2113944,2712553,"1,874"
32,Polygon,3889644.717,6301200018,臺北市北投區八仙里,北投區,八仙里,5737,2117106,2131697,"1,882",5716,1714791,2056409,"1,875",5579,1696924,2281858,465
2,Polygon,4348101.546,6301200041,臺北市北投區大屯里,北投區,大屯里,1255,502727,429708,466,1285,426702,431832,467,1291,437513,441017,"2,007"
27,Polygon,640385.0834,6301200024,臺北市北投區大同里,北投區,大同里,6110,2336983,2060219,"2,130",6012,2029271,1951458,"2,119",5746,1845868,2185385,1
12,Polygon,427734.1267,6301200027,臺北市北投區中心里,北投區,中心里,6628,2518114,925,1,6603,2317835,1175,1,6523,2188252,1212,"3,209"
29,Polygon,273248.9979,6301200022,臺北市北投區中央里,北投區,中央里,8974,3222082,3182735,"3,218",8737,2701963,3027251,"3,214",8515,2628088,3467260,"1,396"
11,Polygon,220894.1786,6301200030,臺北市北投區中和里,北投區,中和里,5130,1892301,1377699,"1,398",5078,1470748,1278292,"1,392",5001,1449523,1428593,5
21,Polygon,100568.2237,6301200028,臺北市北投區中庸里,北投區,中庸里,4482,1249739,419,4,4353,991066,2194,11,4243,942586,1851,3
15,Polygon,505716.5744,6301200033,臺北市北投區文化里,北投區,文化里,4548,1648180,9634,2,4432,1292421,8511,2,4315,1276383,6694,"1,628"
64,Polygon,111713.4831,6301200002,臺北市北投區文林里,北投區,文林里,4393,1831055,1890208,"1,632",4377,1574326,1756803,"1,630",4390,1676192,2046679,"3,751"
17,Polygon,1669844.398,6301200009,臺北市北投區永和里,北投區,永和里,9624,5096972,4172277,"3,756",9534,4472544,4094457,"3,755",9464,4303709,4601788,"1,643"
41,Polygon,113637.5354,6301200011,臺北市北投區永明里,北投區,永明里,5352,2035358,1830069,"1,646",5323,1813448,1772512,"1,645",5266,1734909,1909123,"3,465"
31,Polygon,723840.6304,6301200010,臺北市北投區永欣里,北投區,永欣里,8408,6281308,3440187,"3,472",8475,5741041,3287204,"3,467",8500,6055132,3739003,"1,974"
63,Polygon,110137.4218,6301200003,臺北市北投區石牌里,北投區,石牌里,5462,1962609,2178805,"1,977",5413,1565579,2015138,"1,973",5272,1600740,2321308,"2,975"
38,Polygon,319752.0581,6301200017,臺北市北投區立農里,北投區,立農里,9651,3214971,2939962,"2,979",9645,2685976,2897912,"2,975",9612,2784970,3254568,"1,665"
46,Polygon,423189.7654,6301200016,臺北市北投區立賢里,北投區,立賢里,5900,1929829,1992591,"1,669",5878,1552351,1881249,"1,668",5839,1594684,2065474,"2,042"
43,Polygon,175258.5264,6301200013,臺北市北投區吉利里,北投區,吉利里,7622,2563204,2014168,"2,044",7583,2149713,1937248,"2,042",7474,2061881,2117461,"1,546"
56,Polygon,370262.3356,6301200014,臺北市北投區吉慶里,北投區,吉慶里,5661,1975853,1731554,"1,573",5508,1666240,1638932,"1,548",5483,1648946,1808202,"1,057"
6,Polygon,1210071.195,6301200032,臺北市北投區秀山里,北投區,秀山里,3402,852074,1031979,"1,056",3338,621382,977003,"1,055",3283,625923,1107390,10
26,Polygon,1710284.05,6301200020,臺北市北投區奇岩里,北投區,奇岩里,10400,4855160,16232,7,10644,4507863,27152,9,10921,4689032,31978,"1,393"
34,Polygon,631887.6976,6301200012,臺北市北投區東華里,北投區,東華里,4740,1657910,1507986,"1,396",4705,1367632,1486643,"1,394",4683,1451949,1646224,4
16,Polygon,1488503.378,6301200026,臺北市北投區林泉里,北投區,林泉里,3184,1593202,3398,3,3095,1081071,2681,2,3067,918249,3214,3
24,Polygon,203258.1798,6301200023,臺北市北投區長安里,北投區,長安里,6551,2204706,NA,NA,6430,1815723,NA,NA,6348,1824193,3310,"1,322"
66,Polygon,1110550.555,6301200001,臺北市北投區建民里,北投區,建民里,4342,1787067,1510576,"1,335",4420,1588969,1430994,"1,322",4354,1674255,1639633,14
4,Polygon,5026571.628,6301200039,臺北市北投區泉源里,北投區,泉源里,2442,664931,13934,14,2441,573424,11089,14,2416,506820,19128,1
59,Polygon,1741697.896,6301200019,臺北市北投區洲美里,北投區,洲美里,2037,511940,19575,35,2221,452601,887,1,2429,443108,1009,"2,666"
42,Polygon,279137.3706,6301200008,臺北市北投區振華里,北投區,振華里,7972,3166187,3115255,"2,678",7927,2580184,3010513,"2,676",7795,2541501,3357531,"2,232"
13,Polygon,1176094.532,6301200036,臺北市北投區桃源里,北投區,桃源里,6275,2059859,1963231,"2,235",6162,1587471,1865241,"2,236",6048,1605706,2161883,"2,930"
30,Polygon,224746.4859,6301200021,臺北市北投區清江里,北投區,清江里,9644,2697612,2870427,"2,946",9549,2113675,2799108,"2,940",9524,2203932,3164193,"1,340"
45,Polygon,76641.76266,6301200015,臺北市北投區尊賢里,北投區,尊賢里,5109,1588767,1483529,"1,347",5092,1302188,1414700,"1,343",5051,1345912,1541696,3
14,Polygon,106515.5376,6301200031,臺北市北投區智仁里,北投區,智仁里,6399,1755641,5255,2,6345,1352107,4939,2,6269,1382149,6736,1
5,Polygon,3751806.26,6301200040,臺北市北投區湖山里,北投區,湖山里,1696,659375,NA,NA,1652,576599,NA,NA,1630,550884,1441,118
0,Polygon,16326540.4,6301200042,臺北市北投區湖田里,北投區,湖田里,993,281143,NA,NA,969,229508,NA,NA,937,212315,NA,NA
10,Polygon,406544.2978,6301200029,臺北市北投區開明里,北投區,開明里,6811,2609553,128059,116,6732,2257215,125593,117,6742,2158021,140152,2
25,Polygon,248232.6879,6301200025,臺北市北投區溫泉里,北投區,溫泉里,6914,2353761,14240,2,6826,1991796,2679,2,6681,1921486,2186,"2,840"
52,Polygon,177269.5141,6301200007,臺北市北投區裕民里,北投區,裕民里,8060,3712093,3202885,"2,844",7956,3307013,3168738,"2,841",7900,3248797,3655754,"2,284"
55,Polygon,145803.4042,6301200005,臺北市北投區榮光里,北投區,榮光里,8093,2502501,2462601,"2,312",8075,1996737,2308594,"2,309",8039,1976589,2596199,"3,159"
40,Polygon,382711.06,6301200006,臺北市北投區榮華里,北投區,榮華里,7762,4404813,3604738,"3,171",7659,4388272,3530606,"3,170",7581,4020018,4089523,"2,232"
57,Polygon,345501.3047,6301200004,臺北市北投區福興里,北投區,福興里,7632,2626172,2383316,"2,261",7492,2212115,2260368,"2,236",7463,2192908,2602466,"1,886"
9,Polygon,1081567.508,6301200035,臺北市北投區稻香里,北投區,稻香里,5678,1629015,1703718,"1,930",5571,1279988,1586256,"1,888",5475,1298588,1799862,"1,382"
22,Polygon,756511.1577,6301200034,臺北市北投區豐年里,北投區,豐年里,4796,1261909,1309752,"1,383",4765,981619,1196361,"1,384",4658,995362,1343368,"3,932"
36,Polygon,1639820.32,6301200038,臺北市北投區關渡里,北投區,關渡里,11880,3937444,3881989,"3,965",11853,3190932,3690132,"3,947",11694,3246368,4186275,"1,128"
168,Polygon,134542.2858,6300100004,臺北市松山區三民里,松山區,三民里,7075,3559026,1240370,"1,131",7018,3066884,1135166,"1,131",6933,2944426,1325043,"1,146"
213,Polygon,355211.7903,6300100026,臺北市松山區中正里,松山區,中正里,10575,6661394,1649887,"1,266",10455,7153080,1434994,"1,155",10333,6346620,1598834,"1,501"
250,Polygon,88871.86538,6300100027,臺北市松山區中崙里,松山區,中崙里,4467,2191766,1618457,"1,495",4427,1782422,1562779,"1,504",4413,1908508,1684482,"1,090"
206,Polygon,197612.9806,6300100015,臺北市松山區中華里,松山區,中華里,6703,6236022,1434587,"1,107",6774,8166925,1411914,"1,105",6749,6577126,1552714,"1,351"
187,Polygon,141203.7772,6300100009,臺北市松山區介壽里,松山區,介壽里,4805,2482399,1597456,"1,357",4752,2096770,1454294,"1,352",4672,2046183,1627421,13
176,Polygon,272152.2861,6300100016,臺北市松山區民有里,松山區,民有里,9044,6176765,54208,10,8934,5559243,54817,10,8802,5354547,53462,6
155,Polygon,210634.3817,6300100017,臺北市松山區民福里,松山區,民福里,6487,2600531,12831,6,6424,2210642,11193,7,6198,2209825,9837,12
248,Polygon,61254.3354,6300100029,臺北市松山區吉仁里,松山區,吉仁里,4171,1911608,19246,10,4228,1710284,23491,11,4163,1733586,23002,"3,191"
229,Polygon,216773.6314,6300100022,臺北市松山區吉祥里,松山區,吉祥里,8659,4319355,3720847,"3,194",8449,3595760,3640971,"3,192",8253,3575722,3985806,"3,523"
214,Polygon,210204.747,6300100019,臺北市松山區安平里,松山區,安平里,8600,3084246,3774526,"3,539",8543,2635541,3648661,"3,531",8404,2562196,4113276,"2,821"
202,Polygon,156106.0818,6300100021,臺北市松山區自強里,松山區,自強里,10242,4605751,3523249,"3,016",10120,3945683,3373348,"3,016",9496,3843099,3482250,"2,661"
215,Polygon,187401.9259,6300100011,臺北市松山區東光里,松山區,東光里,7247,3678666,NA,NA,7128,3226798,NA,NA,6993,2995346,3411754,1
188,Polygon,52517.24622,6300100013,臺北市松山區東昌里,松山區,東光里,2916,7413413,3185154,"2,684",2874,5618978,3004759,"2,674",2861,3848361,1847,"1,547"
218,Polygon,90273.12686,6300100014,臺北市松山區東勢里,松山區,東勢里,4548,3177275,1862740,"1,563",4512,2167708,1824038,"1,552",4441,2381151,2007751,14
173,Polygon,259347.1897,6300100003,臺北市松山區東榮里,松山區,東榮里,8353,5332899,15549,9,8277,4781327,21015,10,8126,4699275,29844,"1,468"
198,Polygon,173223.9417,6300100035,臺北市松山區松基里,松山區,松基里,3691,3459900,2049283,"1,494",3704,3623877,1902629,"1,474",3669,2733042,2088833,"1,057"
227,Polygon,220380.1817,6300100028,臺北市松山區美仁里,松山區,美仁里,3730,1832648,1319732,"1,059",3745,1625792,1307177,"1,057",3760,1566381,1451533,941
130,Polygon,1281563.375,6300100002,臺北市松山區莊敬里,松山區,莊敬里,5475,1746409,1001036,936,5458,1401634,991562,939,5384,1361477,1114330,"1,979"
186,Polygon,57078.19748,6300100008,臺北市松山區富泰里,松山區,富泰里,4785,2267625,1754338,"1,984",4700,1872636,1616627,"1,983",4680,1846062,1868882,4
167,Polygon,99812.58856,6300100006,臺北市松山區富錦里,松山區,富錦里,5338,2672913,6757,5,5330,2431746,8381,3,5276,2445307,8255,4
246,Polygon,91190.58768,6300100032,臺北市松山區復建里,松山區,復建里,4775,2186220,2177,4,4771,1978764,1934,4,4751,1996607,3335,"2,277"
243,Polygon,148934.262,6300100025,臺北市松山區復盛里,松山區,復盛里,6604,2599065,2495414,"2,280",6428,2163754,2418057,"2,276",6288,2063085,2779999,"2,335"
228,Polygon,130248.7299,6300100033,臺北市松山區復勢里,松山區,復勢里,6619,3091617,2716777,"2,343",6569,2869327,2685372,"2,341",6509,2698479,2946020,2
249,Polygon,54333.04623,6300100031,臺北市松山區復源里,松山區,復源里,3415,1582604,2748,1,3419,1487407,5017,2,3411,1528649,5490,11
247,Polygon,136157.2005,6300100030,臺北市松山區敦化里,松山區,敦化里,7354,3946786,15821,8,7303,3400986,15936,9,7233,3479761,24206,"3,153"
220,Polygon,299349.0435,6300100018,臺北市松山區慈祐里,松山區,慈祐里,8133,2393918,3227473,"3,191",8085,2014828,2985035,"3,171",8069,1978219,3235562,"1,532"
164,Polygon,351941.3805,6300100007,臺北市松山區新東里,松山區,新東里,5138,2119040,1606882,"1,532",5118,1698310,1504143,"1,534",5049,1732442,1750288,"1,177"
165,Polygon,115129.4249,6300100005,臺北市松山區新益里,松山區,新益里,4697,1833028,1305195,"1,177",4649,1503442,1282074,"1,178",4620,1514178,1427504,"3,176"
231,Polygon,147623.4425,6300100024,臺北市松山區新聚里,松山區,新聚里,8266,3448491,3729857,"3,192",8120,3019684,3476403,"3,185",7944,2846285,3866980,817
251,Polygon,73986.44604,6300100034,臺北市松山區福成里,松山區,福成里,2768,2083613,1136649,822,2742,1603687,1083933,819,2678,1752291,1160620,5
141,Polygon,2308576.658,6300100010,臺北市松山區精忠里,松山區,精忠里,4639,3859208,5716,5,4680,3841187,5677,4,4601,3319732,8240,"2,352"
205,Polygon,227394.4371,6300100012,臺北市松山區龍田里,松山區,龍田里,11192,5853077,2611848,"2,359",11247,5106926,2530539,"2,358",11186,5014625,2849350,"1,765"
200,Polygon,129637.0951,6300100020,臺北市松山區鵬程里,松山區,鵬程里,5607,2281296,2033977,"1,815",5477,1957311,1925106,"1,768",5458,1975239,2093520,"3,385"
339,Polygon,294420.911,6300200030,臺北市信義區三張里,信義區,三張里,9194,4445529,4191419,"3,389",9032,4019577,4064888,"3,383",8919,3971858,4490296,"2,110"
328,Polygon,559313.5844,6300200031,臺北市信義區三犁里,信義區,三犁里,5367,4242517,2824633,"2,117",5372,4068751,2759438,"2,116",5277,3394385,2969159,4
296,Polygon,132619.7684,6300200027,臺北市信義區大仁里,信義區,大仁里,4123,1177399,6780,2,4090,940562,6582,3,3991,896743,8042,6
273,Polygon,117846.0706,6300200026,臺北市信義區大道里,信義區,大道里,6220,2345979,14436,5,6179,1960280,18067,6,6079,1909860,13811,5
285,Polygon,586218.9607,6300200025,臺北市信義區中行里,信義區,中行里,8234,2473249,8843,4,8072,1959131,8520,4,7862,1908937,9051,4
295,Polygon,407157.3934,6300200024,臺北市信義區中坡里,信義區,中坡里,4554,1677842,90320,4,4484,1301734,83718,4,4409,1246329,71134,923
324,Polygon,82527.15627,6300200004,臺北市信義區中興里,信義區,中興里,3592,1750007,1023315,929,3587,1545816,977646,925,3454,1513999,1033960,13
259,Polygon,81502.91639,6300200013,臺北市信義區五全里,信義區,五全里,5097,1897942,14714,21,4939,1565214,17442,11,4792,1515156,16630,"1,347"
244,Polygon,82431.48648,6300200012,臺北市信義區五常里,信義區,五常里,3802,1352083,1497503,"1,362",3716,1153511,1382074,"1,347",3637,1173977,1517512,"2,749"
375,Polygon,1280260.344,6300200032,臺北市信義區六合里,信義區,六合里,6908,4062319,2946581,"2,752",6839,3644810,2865612,"2,751",6719,3414426,3092427,7
258,Polygon,59326.91073,6300200010,臺北市信義區六藝里,信義區,六藝里,3899,1191396,7163,5,3867,940074,10077,6,3775,949461,11777,"1,917"
236,Polygon,164703.766,6300200016,臺北市信義區四育里,信義區,四育里,5734,1922654,2098955,"1,925",5615,1536898,2026281,"1,923",5507,1533131,2260480,3
260,Polygon,57040.17459,6300200017,臺北市信義區四維里,信義區,四維里,5460,2005407,6975,2,5346,1708259,6689,2,5230,1697189,6763,"1,704"
313,Polygon,74458.61273,6300200002,臺北市信義區正和里,信義區,正和里,4800,2400533,1957001,"1,710",4754,2089615,1889697,"1,711",4669,2011693,2056141,"1,266"
235,Polygon,121876.2143,6300200014,臺北市信義區永吉里,信義區,永吉里,4128,1121686,1627391,"1,267",4081,1033351,1574914,"1,266",3992,1042466,1772132,7
264,Polygon,138766.7241,6300200018,臺北市信義區永春里,信義區,永春里,5092,1625566,5392,3,5002,1371022,6753,4,4944,1397702,11579,34
301,Polygon,500822.8384,6300200009,臺北市信義區安康里,信義區,安康里,11127,13887867,42570,21,11060,12256663,52225,20,10975,12452700,79311,"1,474"
302,Polygon,522869.1974,6300200001,臺北市信義區西村里,信義區,西村里,5948,1915779,1426169,"1,475",5797,1556667,1391647,"1,474",5832,1547850,1520761,2
318,Polygon,215709.0331,6300200022,臺北市信義區松友里,信義區,松友里,7127,2575329,2104,2,7079,2104857,2406,3,7030,2038240,1296,7
278,Polygon,108911.6865,6300200023,臺北市信義區松光里,信義區,松光里,5009,1953822,17993,5,4955,1607837,16996,6,4826,1568798,16911,4
315,Polygon,746751.844,6300200021,臺北市信義區松隆里,信義區,松隆里,2291,565624,11080,3,2247,427084,10820,4,2206,438247,12520,6
276,Polygon,82929.72024,6300200015,臺北市信義區長春里,信義區,長春里,4412,1255171,20238,5,4348,981210,21667,5,4237,978483,19008,"2,939"
394,Polygon,702944.1252,6300200033,臺北市信義區泰和里,信義區,泰和里,8063,2696488,2883641,"2,953",8004,2221255,2763956,"2,950",7840,2221302,2919260,9
299,Polygon,90034.67729,6300200020,臺北市信義區國業里,信義區,國業里,8156,3215341,12374,4,7998,2779154,13593,7,7862,2721790,12879,3
280,Polygon,110822.3091,6300200019,臺北市信義區富台里,信義區,富台里,4552,2004397,11563,2,4522,1688610,11636,3,4449,1686564,10541,"2,507"
376,Polygon,371928.8017,6300200029,臺北市信義區惠安里,信義區,惠安里,6776,2360124,2506183,"2,509",6651,1841783,2446145,"2,509",6531,1814114,2656085,7
257,Polygon,111930.7614,6300200007,臺北市信義區敦厚里,信義區,敦厚里,5359,2387902,6690,4,5277,1993541,12105,7,5211,1949440,13736,7
355,Polygon,176638.1526,6300200035,臺北市信義區景勤里,信義區,景勤里,4178,1331489,8258,7,4017,1068206,10593,7,3924,1048306,10411,"2,121"
338,Polygon,215500.4701,6300200028,臺北市信義區景新里,信義區,景新里,5300,4254780,3191581,"2,125",5300,3760055,3083758,"2,123",5263,3712460,3337278,383
337,Polygon,110916.1715,6300200034,臺北市信義區景聯里,信義區,景聯里,4652,1851841,444922,387,4645,1536783,434773,386,4599,1558958,461376,"1,875"
237,Polygon,167020.4969,6300200011,臺北市信義區雅祥里,信義區,雅祥里,5135,2046928,1937094,"1,883",5119,1865309,1821706,"1,878",5066,1812377,2026033,3
241,Polygon,598405.6916,6300200005,臺北市信義區新仁里,信義區,新仁里,3495,1680988,3118,3,3399,1406194,3102,2,3339,1705815,3185,2
353,Polygon,56893.73937,6300200037,臺北市信義區嘉興里,信義區,嘉興里,3228,1184213,3918,1,3178,1119067,3900,1,3101,1005898,2056,5
294,Polygon,168195.9861,6300200008,臺北市信義區廣居里,信義區,廣居里,8261,3601197,18018,3,8158,3083160,18144,3,8004,2977809,15745,8
390,Polygon,130755.0361,6300200039,臺北市信義區黎平里,信義區,黎平里,7209,2712582,23052,6,7135,2229924,11397,7,6981,2177618,11225,3
409,Polygon,715079.2004,6300200041,臺北市信義區黎安里,信義區,黎安里,2085,383341,NA,NA,2070,310346,3636,2,2003,320377,3093,1
397,Polygon,139215.274,6300200040,臺北市信義區黎忠里,信義區,黎忠里,4960,1624566,700,2,4870,1278056,489,1,4793,1280025,1723,12
371,Polygon,155423.3246,6300200038,臺北市信義區黎順里,信義區,黎順里,4164,1703708,6635,4,4138,1435694,7715,6,4008,1407114,10982,452
293,Polygon,255707.4939,6300200003,臺北市信義區興隆里,信義區,興隆里,2919,4220731,448796,513,2798,5184848,403989,448,2676,5031543,441615,4
274,Polygon,248819.2547,6300200006,臺北市信義區興雅里,信義區,興雅里,5883,2458854,10601,3,5813,2104672,10893,5,5656,2024017,4860,890
369,Polygon,295228.3374,6300200036,臺北市信義區雙和里,信義區,雙和里,7330,2726357,906285,889,7264,2212366,859346,890,7075,2191538,934420,"2,205"
303,Polygon,7231273.099,6300900018,臺北市南港區九如里,南港區,九如里,6721,2014368,1949308,"2,213",6691,1602164,1865689,"2,207",6694,1562467,2049628,14
162,Polygon,1059342.743,6300900004,臺北市南港區三重里,南港區,三重里,7840,5689645,14351,9,7896,5342817,15720,10,8048,5611690,18750,"1,204"
208,Polygon,1716240.531,6300900002,臺北市南港區中南里,南港區,中南里,3966,1016827,1103218,"1,209",3872,774332,1066093,"1,212",3750,742019,1151789,"3,056"
240,Polygon,946131.3329,6300900017,臺北市南港區中研里,南港區,中研里,9881,3761873,2843023,"3,059",9827,3040310,2688354,"3,058",9673,3173666,2903616,2
291,Polygon,337820.3037,6300900019,臺北市南港區仁福里,南港區,仁福里,5790,1965112,5377,2,5702,1562480,4944,2,5617,1558456,3416,1
210,Polygon,412501.4801,6300900009,臺北市南港區玉成里,南港區,玉成里,5046,1598009,12351,2,4973,1325286,5760,1,4887,1350606,1040,12
232,Polygon,292167.988,6300900010,臺北市南港區合成里,南港區,合成里,6968,2930304,24156,6,6862,2491573,27611,10,6724,2501935,27483,325
255,Polygon,517029.8721,6300900011,臺北市南港區成福里,南港區,成福里,7943,2831150,296817,322,7876,2398232,286187,323,7688,2222275,326091,2
286,Polygon,284132.4982,6300900014,臺北市南港區百福里,南港區,百福里,5640,1682251,1052,1,5508,1306957,983,1,5451,1283428,1487,3
185,Polygon,467983.6304,6300900008,臺北市南港區西新里,南港區,西新里,5020,1616325,1365,1,4986,1327153,5620,3,4843,1229365,6204,2
207,Polygon,479760.198,6300900007,臺北市南港區東明里,南港區,東明里,4905,2355568,NA,NA,4905,1993675,NA,NA,5746,2354067,1562,6
189,Polygon,241754.7857,6300900005,臺北市南港區東新里,南港區,東新里,7635,2490917,11597,4,7565,1932294,7832,4,7454,1876341,11088,8
179,Polygon,411929.4903,6300900001,臺北市南港區南港里,南港區,南港里,6761,2209438,38685,6,6786,1852085,27402,8,6753,1965713,25762,11
184,Polygon,381356.941,6300900020,臺北市南港區重陽里,南港區,重陽里,5721,3647383,9077,6,5653,3328332,7500,6,5538,3287088,12514,"1,436"
221,Polygon,1328715.467,6300900006,臺北市南港區新光里,南港區,新光里,3922,1548465,1411070,"1,465",3769,1370992,1290224,"1,439",3711,1341654,1441490,"1,230"
209,Polygon,166797.49,6300900003,臺北市南港區新富里,南港區,新富里,4204,1321454,1257774,"1,236",4150,1030614,1206394,"1,231",4019,1000417,1349601,6
252,Polygon,104380.7876,6300900012,臺北市南港區萬福里,南港區,萬福里,4418,1908223,19573,5,4404,1570444,14843,4,4246,1527927,19406,5
234,Polygon,123966.9067,6300900015,臺北市南港區聯成里,南港區,聯成里,5311,1671611,3849,3,5243,1267717,4269,3,5102,1279142,5513,3
261,Polygon,117639.2948,6300900013,臺北市南港區鴻福里,南港區,鴻福里,4661,1729681,5777,2,4604,1369652,5672,2,4528,1387060,8415,"2,802"
275,Polygon,5335689.932,6300900016,臺北市南港區舊莊里,南港區,舊莊里,9464,2507772,2513329,"2,830",9265,1838068,"2,467,71","2,823",8941,1798044,2628470,"1,391"
300,Polygon,105336.1534,6300700009,臺北市萬華區仁德里,萬華區,仁德里,4890,2051419,1485354,"1,413",4808,1743839,1444429,"1,409",4751,1745497,1580393,"2,085"
402,Polygon,187783.5081,6300700033,臺北市萬華區日祥里,萬華區,日祥里,5702,1488212,1853230,"2,084",6003,1237688,1819572,"2,084",6070,1245776,2009587,"1,282"
358,Polygon,177698.9247,6300700020,臺北市萬華區日善里,萬華區,日善里,3841,998940,1322131,"1,285",3820,776050,1286442,"1,282",3783,785069,1397997,"1,418"
381,Polygon,108725.9761,6300700026,臺北市萬華區全德里,萬華區,全德里,4624,1466668,1461901,"1,423",4518,1198064,1425872,"1,422",4419,1199253,1561071,678
272,Polygon,139047.993,6300700003,臺北市萬華區西門里,萬華區,西門里,3885,1320388,703178,687,3835,1099838,698258,680,3777,1073358,668903,826
389,Polygon,93300.10935,6300700023,臺北市萬華區孝德里,萬華區,孝德里,3397,803187,811282,831,3309,629142,804431,830,3229,627551,878266,"2,640"
340,Polygon,141942.6283,6300700016,臺北市萬華區和平里,萬華區,和平里,7114,1567479,2520225,"2,655",6960,1163721,2345559,"2,648",6756,1140622,2636780,"2,430"
363,Polygon,230031.647,6300700024,臺北市萬華區和德里,萬華區,和德里,7189,1384522,2585465,"2,590",6888,1054362,2353585,"2,547",6611,1029441,2573821,2
384,Polygon,51464.1844,6300700034,臺北市萬華區忠貞里,萬華區,忠貞里,4934,1048373,1559,3,4841,802657,1590,4,4782,763739,1723,4
368,Polygon,84369.72684,6300700022,臺北市萬華區忠德里,萬華區,忠德里,4626,1197115,16375,5,4596,937144,12582,4,4589,948315,8466,"1,949"
281,Polygon,320963.7046,6300700006,臺北市萬華區青山里,萬華區,青山里,5875,1385439,2310873,"1,973",5846,1131730,2272435,"1,961",5795,1162528,2415167,"1,272"
392,Polygon,70615.42186,6300700027,臺北市萬華區保德里,萬華區,保德里,3460,1232554,1241740,"1,275",3356,1047488,1229895,"1,270",3267,1035579,1345876,778
284,Polygon,701027.9983,6300700019,臺北市萬華區柳鄉里,萬華區,柳鄉里,5401,1141288,784989,781,5308,847680,766157,780,5168,876152,847188,1
378,Polygon,31743.93631,6300700035,臺北市萬華區凌霄里,萬華區,凌霄里,3805,865513,8112,1,3731,651830,8115,1,3645,643399,6658,20
326,Polygon,162877.6485,6300700011,臺北市萬華區頂碩里,萬華區,頂碩里,7403,2081500,30190,17,7265,1607312,37765,19,7105,1611689,38274,"1,889"
297,Polygon,112487.9879,6300700007,臺北市萬華區富民里,萬華區,富民里,5023,1190433,1814705,"1,898",4990,961693,1781939,"1,891",4921,1014320,1928731,7
317,Polygon,193403.5068,6300700010,臺北市萬華區富福里,萬華區,富福里,6180,1851498,57873,7,6075,1569980,10976,6,6004,1427853,9626,"2,293"
269,Polygon,308617.7664,6300700005,臺北市萬華區菜園里,萬華區,華中里,6335,1890574,2325616,"2,297",6322,1593852,2300265,"2,293",6247,1607202,2511345,7
405,Polygon,626833.5335,6300700032,臺北市萬華區華中里,萬華區,華江里,6443,1586316,33560,6,6330,1273107,33740,7,6173,1222819,28212,"1,326"
320,Polygon,556802.6912,6300700018,臺北市萬華區華江里,萬華區,菜園里,8865,2115133,1309849,"1,334",8708,1653256,1261177,"1,330",8458,1562217,1405130,487
357,Polygon,100484.6501,6300700021,臺北市萬華區新安里,萬華區,新安里,6317,1373528,501884,489,6213,1003625,493481,488,6092,1032567,560742,6
359,Polygon,109777.7537,6300700014,臺北市萬華區新和里,萬華區,新和里,8636,2733349,7253,5,8530,2151160,9304,5,8334,2095617,10476,10
354,Polygon,44797.12443,6300700013,臺北市萬華區新忠里,萬華區,新忠里,3516,979076,25116,9,3474,845875,27113,11,3455,801547,23855,"3,264"
283,Polygon,123617.9138,6300700004,臺北市萬華區新起里,萬華區,新起里,6637,2477840,3268240,"3,313",6884,2311659,3223585,"3,291",6877,2250188,3456971,10
256,Polygon,178001.2824,6300700002,臺北市萬華區萬壽里,萬華區,萬壽里,3493,1151436,16368,5,3346,986354,20623,7,3286,934602,19300,"1,743"
386,Polygon,84784.28612,6300700030,臺北市萬華區壽德里,萬華區,壽德里,5420,1524587,1785642,"1,744",5263,1256305,1758935,"1,746",5168,1160246,1955091,"1,403"
404,Polygon,179150.3217,6300700029,臺北市萬華區榮德里,萬華區,榮德里,3754,818531,1351756,"1,401",3706,571447,1295605,"1,402",3598,576807,1423592,"3,323"
238,Polygon,224540.1014,6300700001,臺北市萬華區福星里,萬華區,福星里,5689,1700303,2703147,"3,341",5655,1340957,2620368,"3,328",5512,1311418,2706339,866
298,Polygon,111509.7907,6300700008,臺北市萬華區福音里,萬華區,福音里,4090,1575666,861776,864,4011,1547522,839548,864,3946,1379629,910097,2
327,Polygon,172226.8833,6300700017,臺北市萬華區綠堤里,萬華區,綠堤里,4449,731461,12322,2,4434,546609,13116,3,4343,524422,12681,"1,677"
398,Polygon,137951.5711,6300700028,臺北市萬華區銘德里,萬華區,銘德里,4854,1349570,1684458,"1,681",4821,1026097,1655188,"1,679",4666,969049,1812956,12
321,Polygon,151473.0686,6300700015,臺北市萬華區糖蔀里,萬華區,糖廍里,5655,1512330,19141,7,5536,1201339,26213,12,5516,1304670,22975,"1,586"
403,Polygon,638169.6986,6300700031,臺北市萬華區興德里,萬華區,興德里,4970,1015428,1916033,"1,591",4778,795637,1829732,"1,586",4702,751379,2000182,3
377,Polygon,143152.7004,6300700025,臺北市萬華區錦德里,萬華區,錦德里,5732,1366122,17699,4,5633,1027760,19278,4,5574,1013427,15367,16
341,Polygon,154375.5333,6300700012,臺北市萬華區雙園里,萬華區,雙園里,4862,1457689,15539,15,4812,1245003,12121,15,4662,1171373,12144,2
382,Polygon,490565.7306,6300700036,臺北市萬華區騰雲里,萬華區,騰雲里,3132,1002677,6369,1,3090,794499,7996,2,3015,781307,7678,