"Area","District","X2018income","X2018power","X2018datanum","X2019income","X2019power","X2019datanum","X2020income","X2020power","X2020datanum","power_per_house_2018","power_per_house_2019","power_per_house_2020"
"士林區","三玉里",3582996,2587782,2194,2949318,2455577,2192,2788618,2934344,2188,1179.48131267092,1120.24498175182,1341.10786106033
"士林區","仁勇里",1484352,23512,11,1403625,31570,13,1327131,32879,16,2137.45454545455,2428.46153846154,2054.9375
"士林區","公館里",751972,552143,571,672460,546019,569,576588,585260,568,966.975481611208,959.611599297012,1030.38732394366
"士林區","天山里",3380129,3080189,2564,3017821,2975765,2558,2990034,3403616,2557,1201.32176287051,1163.31704456607,1331.09737974189
"士林區","天母里",6010500,3554416,2692,5611223,3536713,2670,5856387,4118537,2665,1320.36255572065,1324.61161048689,1545.41726078799
"士林區","天玉里",5158674,4149879,3438,4939244,3981432,3409,4763421,4603734,3405,1207.06195462478,1167.91786447639,1352.05110132159
"士林區","天和里",4473387,2906709,2648,3948883,2797428,2644,3719228,3268417,2638,1097.6997734139,1058.02874432678,1238.9753601213
"士林區","天祿里",2508479,2353661,2056,2202965,2204872,2052,2178598,2500792,2048,1144.77675097276,1074.49902534113,1221.08984375
"士林區","天壽里",3833137,2732055,2023,3376232,2660851,2021,3195332,3200293,2022,1350.49678695007,1316.60118753093,1582.73639960435
"士林區","天福里",3007503,2746646,2344,2463747,2588839,2343,2518271,2909135,2341,1171.77730375427,1104.92488262911,1242.68902178556
"士林區","平等里",510176,478762,759,322729,463178,757,483668,518540,753,630.779973649539,611.859973579921,688.63213811421
"士林區","永倫里",1923604,3527,2,1484608,3745,2,1439866,10173,4,1763.5,1872.5,2543.25
"士林區","永福里",2768427,748605,363,1757130,706551,364,1747470,783513,363,2062.27272727273,1941.07417582418,2158.43801652893
"士林區","名山里",3402377,2823400,2619,2933004,2541615,2620,2896233,2949522,2618,1078.04505536464,970.082061068702,1126.63177998472
"士林區","百齡里",2198843,7459,5,1724333,8147,5,1690990,8224,6,1491.8,1629.4,1370.66666666667
"士林區","岩山里",1867070,1200581,1179,1450575,1150695,1181,1325449,1355746,1181,1018.30449533503,974.339542760373,1147.96443691787
"士林區","忠誠里",3515703,2441276,2082,2796203,2226712,2081,2807249,2629870,2081,1172.56292026897,1070.02018260452,1263.75300336377
"士林區","承德里",2485479,3096,2,1938004,4059,3,1898520,936,1,1548,1353,936
"士林區","明勝里",1746918,5568,4,1437740,5714,4,1442833,5164,4,1392,1428.5,1291
"士林區","東山里",3198152,2176611,1836,2734253,2065855,1831,2764616,2329738,1830,1185.51797385621,1128.26597487712,1273.08087431694
"士林區","社子里",1755513,7064,3,1370069,11368,5,1379498,10560,4,2354.66666666667,2273.6,2640
"士林區","社園里",1832262,4578,3,1419846,3930,3,1335333,4449,3,1526,1310,1483
"士林區","社新里",2329512,1068,1,1696916,1028,1,1684761,2011,2,1068,1028,1005.5
"士林區","芝山里",5108131,3256981,2756,4613666,3070341,2753,4612638,3456612,2751,1181.77830188679,1115.27097711587,1256.49291166848
"士林區","前港里",1713495,17340,10,1353867,19377,11,1337379,23111,15,1734,1761.54545454545,1540.73333333333
"士林區","後港里",2999073,15883,7,2384876,18607,8,2314351,27443,13,2269,2325.875,2111
"士林區","富光里",1424950,2767,2,1077954,21716,8,1084777,24041,8,1383.5,2714.5,3005.125
"士林區","菁山里",958532,252931,307,1047721,247448,307,974113,252521,305,823.879478827362,806.019543973941,827.937704918033
"士林區","陽明里",2206122,837490,783,1946673,803512,785,1900886,916734,787,1069.59131545338,1023.5821656051,1164.84625158831
"士林區","新安里",5159092,980341,895,3447279,918549,895,3247832,993470,892,1095.3530726257,1026.31173184358,1113.75560538117
"士林區","溪山里",396949,1381,3,270341,1349,3,313386,4047,4,460.333333333333,449.666666666667,1011.75
"士林區","義信里",1499718,27422,12,1294423,26298,12,1214802,23516,12,2285.16666666667,2191.5,1959.66666666667
"士林區","聖山里",2524566,1998333,1877,2300108,1877003,1874,2275148,2291043,1869,1064.64198188599,1001.60245464248,1225.81219903692
"士林區","葫東里",1217020,10813,4,961575,11734,5,978416,16552,10,2703.25,2346.8,1655.2
"士林區","葫蘆里",2145266,4998,2,1638878,4193,2,1678180,6402,3,2499,2096.5,2134
"士林區","福中里",2436234,7651,3,2120365,6978,3,1907649,7692,3,2550.33333333333,2326,2564
"士林區","福安里",939437,14400,1,697631,10800,1,749333,1190,1,14400,10800,1190
"士林區","福志里",4449113,56455,18,4411890,62621,21,4290532,27016,20,3136.38888888889,2981.95238095238,1350.8
"士林區","福佳里",3243504,89598,19,2814895,85936,20,2821910,76059,19,4715.68421052632,4296.8,4003.10526315789
"士林區","福林里",2477993,26099,8,1925736,26611,6,2197630,24112,8,3262.375,4435.16666666667,3014
"士林區","福華里",1593871,1862,8,1222783,5586,7,1265742,7336,10,232.75,798,733.6
"士林區","福順里",1505069,14047,7,1166063,12314,7,1155704,15398,8,2006.71428571429,1759.14285714286,1924.75
"士林區","福德里",1849437,14885,11,1514732,16127,11,1663888,16528,13,1353.18181818182,1466.09090909091,1271.38461538462
"士林區","翠山里",1238209,8992,3,1011196,8251,3,986152,16787,4,2997.33333333333,2750.33333333333,4196.75
"士林區","德行里",2055492,1999846,1989,1886438,1928824,1986,1862611,2124396,1984,1005.45299145299,971.210473313192,1070.76411290323
"士林區","德華里",2176633,2334938,2232,1810052,2284615,2228,1815094,2518150,2228,1046.11917562724,1025.41068222621,1130.2289048474
"士林區","臨溪里",2590756,34089,11,2273695,35714,11,2465608,42309,19,3099,3246.72727272727,2226.78947368421
"士林區","舊佳里",2644901,71949,12,2237213,76059,13,2231551,69874,14,5995.75,5850.69230769231,4991
"士林區","蘭雅里",4511528,3708021,3346,3964276,3529761,3334,3854486,4111787,3326,1108.19515839809,1058.71655668866,1236.25586289838
"士林區","蘭興里",3281604,2982151,2581,2695540,2746192,2577,2682966,3176524,2579,1155.42464161178,1065.65463717501,1231.68825126018
"大同區","大有里",1733370,2023367,1968,1393340,1912892,1960,1412948,2057080,1958,1028.13363821138,975.965306122449,1050.6026557712
"大同區","民權里",2624403,12884,13,2242024,13520,10,2142456,15228,11,991.076923076923,1352,1384.36363636364
"大同區","永樂里",2769003,27171,13,2317956,20998,15,2273297,25409,17,2090.07692307692,1399.86666666667,1494.64705882353
"大同區","玉泉里",1214073,402161,461,1194262,389213,462,1032578,427128,457,872.366594360087,842.452380952381,934.634573304158
"大同區","光能里",1918420,14105,6,1584448,12284,5,1632218,3932,4,2350.83333333333,2456.8,983
"大同區","老師里",1611169,6362,3,1264210,3500,8,1311910,4509,8,2120.66666666667,437.5,563.625
"大同區","至聖里",2716052,1481192,1373,2295100,1406522,1375,2260274,1536337,1378,1078.79970866715,1022.92509090909,1114.90348330914
"大同區","延平里",1400095,1747981,1908,1101994,1684251,1909,1079649,1818409,1908,916.132599580713,882.268727082242,953.044549266247
"大同區","保安里",1746331,33356,8,2020485,33420,8,1632842,27954,7,4169.5,4177.5,3993.42857142857
"大同區","南芳里",1339824,1584882,1558,1040845,1511244,1545,1043050,1629662,1540,1017.2541720154,978.15145631068,1058.22207792208
"大同區","建功里",1887316,1219838,1400,1656959,1152764,1392,1574479,1222482,1395,871.312857142857,828.135057471264,876.331182795699
"大同區","建明里",1338101,2150707,2426,1131088,2106080,2419,1241419,2110140,2406,886.523907666941,870.640760644895,877.032418952618
"大同區","建泰里",1584898,1882653,1744,1389613,1775844,1729,1363147,1919453,1689,1079.50286697248,1027.09311740891,1136.44345766726
"大同區","星明里",2488461,650221,624,2265278,614746,624,2248448,659090,623,1042.02083333333,985.169871794872,1057.92937399679
"大同區","重慶里",2385704,19685,5,1985538,19432,5,2134302,19987,6,3937,3886.4,3331.16666666667
"大同區","國順里",579029,845719,907,406940,774308,852,411597,836126,852,932.435501653804,908.81220657277,981.368544600939
"大同區","國慶里",1830288,649838,589,1551251,612011,587,1583274,662651,584,1103.29032258065,1042.60817717206,1134.67636986301
"大同區","揚雅里",1144205,1340001,1402,978164,1272582,1397,964854,1390676,1400,955.77817403709,910.939155332856,993.34
"大同區","斯文里",1650872,1916212,1930,1376874,1806269,1927,1228182,1930569,1926,992.855958549223,937.34769071095,1002.3722741433
"大同區","景星里",626610,939347,1023,475511,878936,1021,469672,938020,1007,918.227761485826,860.857982370225,931.49950347567
"大同區","朝陽里",1834549,4246,3,1669067,10378,5,1587733,13081,8,1415.33333333333,2075.6,1635.125
"大同區","隆和里",980551,1217438,1165,817199,1163544,1160,1013770,1247190,1156,1045.01115879828,1003.05517241379,1078.88408304498
"大同區","蓬萊里",2052716,1983270,1987,1745555,1883108,1976,1701049,2052904,1971,998.122798188223,952.98987854251,1041.55454084221
"大同區","鄰江里",1890362,145062,126,1570926,136281,128,1412375,141910,128,1151.28571428571,1064.6953125,1108.671875
"大同區","雙連里",3071335,603097,563,2489027,566937,558,2803663,580633,548,1071.22024866785,1016.01612903226,1059.54927007299
"大安區","大學里",4705534,3544161,3130,4250712,3390840,3114,4205770,3857618,3110,1132.31980830671,1088.90173410405,1240.39163987138
"大安區","仁慈里",5964054,2349137,1760,5920888,2247333,1758,5964049,2433356,1757,1334.73693181818,1278.34641638225,1384.94934547524
"大安區","仁愛里",4078959,3636031,2050,3301630,3421132,2035,3341788,3587398,2025,1773.67365853659,1681.14594594595,1771.55456790123
"大安區","古風里",3330716,606315,536,2241634,559403,535,2345754,683847,534,1131.18470149254,1045.61308411215,1280.61235955056
"大安區","古莊里",3977293,33085,13,3675939,33611,12,3679256,33362,14,2545,2800.91666666667,2383
"大安區","正聲里",4349429,2277417,1698,3634928,2305784,1690,3685411,2527781,1683,1341.23498233216,1364.36923076923,1501.94949494949
"大安區","民炤里",8284604,3991187,3088,7839933,3729345,3086,6901427,4172131,3084,1292.48283678756,1208.47213220998,1352.83106355383
"大安區","民輝里",6805147,179179,101,6393329,200219,108,6149518,183935,108,1774.0495049505,1853.87962962963,1703.10185185185
"大安區","永康里",2340381,1554439,1303,2116148,1458348,1303,2102044,1602975,1298,1192.96930161167,1119.22333077513,1234.95762711864
"大安區","光明里",3791567,1393344,1225,4070907,1320878,1227,3891090,1446299,1222,1137.42367346939,1076.51018744906,1183.55073649754
"大安區","光武里",4255713,23162,9,3786820,30316,11,3985468,27245,14,2573.55555555556,2756,1946.07142857143
"大安區","光信里",4596455,2028352,1551,4052712,2021448,1554,4249239,2206085,1553,1307.77047066409,1300.80308880309,1420.53122987766
"大安區","全安里",3012821,16201,6,3152895,20833,7,2816718,22673,9,2700.16666666667,2976.14285714286,2519.22222222222
"大安區","住安里",3028312,1666026,1670,2942574,1580350,1638,2675256,1688595,1621,997.620359281437,964.80463980464,1041.6995681678
"大安區","車層里",4678164,36261,15,4076314,35311,15,3910569,39464,19,2417.4,2354.06666666667,2077.05263157895
"大安區","和安里",8545296,2470181,2134,8433951,2298154,2123,8420903,2535926,2075,1157.53561387067,1082.50306170513,1222.13301204819
"大安區","法治里",2219923,12665,5,1895289,14197,7,1883358,13587,8,2533,2028.14285714286,1698.375
"大安區","臥龍里",1285448,26188,6,1231096,22556,7,1369999,25323,9,4364.66666666667,3222.28571428571,2813.66666666667
"大安區","芳和里",2287800,2155822,2076,1956786,2091988,2070,1977229,2275411,2065,1038.44990366089,1010.62222222222,1101.89394673123
"大安區","虎嘯里",2366684,2083303,1722,2067540,2005696,1720,2112447,2172984,1715,1209.81591173055,1166.1023255814,1267.04606413994
"大安區","建安里",3509039,36384,10,3120623,43798,15,2945789,43372,20,3638.4,2919.86666666667,2168.6
"大安區","建倫里",4983939,16459,4,5485950,29444,8,4998989,35392,12,4114.75,3680.5,2949.33333333333
"大安區","通化里",2520957,32098,18,2194167,36669,20,2255831,39722,22,1783.22222222222,1833.45,1805.54545454545
"大安區","通安里",2426028,13513,3,2012974,18720,8,2048689,14068,9,4504.33333333333,2340,1563.11111111111
"大安區","敦安里",6279246,7249,5,5638635,6051,4,5370092,11782,7,1449.8,1512.75,1683.14285714286
"大安區","敦煌里",4690295,19018,4,3816954,19196,4,3784420,18004,4,4754.5,4799,4501
"大安區","華聲里",2389779,2103895,1585,2169700,2080563,1585,2982510,2278054,1580,1327.3785488959,1312.65804416404,1441.80632911392
"大安區","新龍里",3632040,2821,3,3425470,2610,2,3442757,2684,2,940.333333333333,1305,1342
"大安區","義安里",3231932,5896,3,2849750,5785,2,2757555,10848,4,1965.33333333333,2892.5,2712
"大安區","義村里",3575921,6062,3,3130340,4534,2,3347054,6302,4,2020.66666666667,2267,1575.5
"大安區","群英里",5727453,2392163,2530,4940211,2337992,2527,4786489,2544795,2521,945.518972332016,925.204590423427,1009.43871479572
"大安區","群賢里",3428483,2129594,1773,3242389,2067969,1762,3228249,2269100,1761,1201.12464749013,1173.64869466515,1288.5292447473
"大安區","誠安里",1944828,856720,770,1689131,817120,767,1760764,860589,762,1112.62337662338,1065.34550195567,1129.38188976378
"大安區","福住里",4301057,8756,5,3885963,9296,5,4210296,9353,5,1751.2,1859.2,1870.6
"大安區","德安里",4121708,2712310,2176,3669639,2590436,2174,3604000,2800348,2161,1246.46599264706,1191.55289788408,1295.85747339195
"大安區","黎元里",1605035,1375060,1322,1250284,1315448,1321,1292652,1455653,1322,1040.13615733737,995.79712339137,1101.09909228442
"大安區","黎孝里",2989662,3068417,2818,2484236,3003435,2817,2376157,3228683,2813,1088.86337828247,1066.1821086262,1147.77212939922
"大安區","黎和里",2024392,1870637,1953,1656204,1816802,1923,1621763,1920114,1853,957.827444956477,944.77483099324,1036.21910415542
"大安區","學府里",896484,278235,269,789984,263189,269,711565,286375,267,1034.33085501859,978.397769516729,1072.56554307116
"大安區","錦安里",4683022,874509,840,4252909,832280,840,3951818,958983,840,1041.08214285714,990.809523809524,1141.64642857143
"大安區","錦泰里",2185101,1691,1,1955206,1843,1,1972140,1884,1,1691,1843,1884
"大安區","錦華里",3675428,9853,4,3427073,9696,4,3514601,7623,4,2463.25,2424,1905.75
"大安區","龍生里",4147457,2217,1,3608105,4516,2,3621894,3982,2,2217,2258,1991
"大安區","龍安里",5330796,2315192,1933,4823220,2147712,1936,5491921,2429126,1931,1197.71960682876,1109.35537190083,1257.96271361989
"大安區","龍坡里",3524484,1939587,1837,3109856,1684524,1836,3049464,2123148,1810,1055.84485574306,917.496732026144,1173.00994475138
"大安區","龍門里",3171351,4107,2,2766687,3241,1,2931159,3907,2,2053.5,3241,1953.5
"大安區","龍泉里",2685622,9566,3,2455037,16909,4,2585695,17594,6,3188.66666666667,4227.25,2932.33333333333
"大安區","龍陣里",2075059,20614,10,1896651,29105,12,1990678,17300,9,2061.4,2425.41666666667,1922.22222222222
"大安區","龍淵里",5262553,37336,9,4460061,31197,10,4635305,35598,11,4148.44444444444,3119.7,3236.18181818182
"大安區","龍雲里",4741479,1844570,1402,4922686,1805921,1402,4725200,1981713,1401,1315.67047075606,1288.10342368046,1414.49892933619
"大安區","龍圖里",4316607,41844,11,3856399,39917,11,3860364,40993,13,3804,3628.81818181818,3153.30769230769
"大安區","臨江里",1309658,17954,8,1104987,16490,9,1100302,14038,10,2244.25,1832.22222222222,1403.8
"中山區","力行里",5528552,2084885,1703,4936432,2022992,1696,4853065,2349947,1684,1224.24251321198,1192.80188679245,1395.4554631829
"中山區","下埤里",3337844,3099880,2912,2815350,2982607,2905,2793926,3479180,2905,1064.51923076923,1026.71497418244,1197.65232358003
"中山區","大佳里",275632,171974,106,206647,178226,104,210691,198232,104,1622.39622641509,1713.71153846154,1906.07692307692
"中山區","大直里",4093412,17559,5,3394939,20281,6,3301489,18379,7,3511.8,3380.16666666667,2625.57142857143
"中山區","中山里",2869697,1005526,1222,2475914,966437,1214,2490754,1026176,1212,822.852700490998,796.076606260297,846.679867986799
"中山區","中央里",2177027,1554280,1378,1764843,1464146,1371,1714978,1710884,1368,1127.92452830189,1067.9401896426,1250.64619883041
"中山區","中吉里",3057421,6770,5,2848558,9661,6,2652763,9968,9,1354,1610.16666666667,1107.55555555556
"中山區","中庄里",1882291,4570,2,1584507,11157,5,1521900,13978,9,2285,2231.4,1553.11111111111
"中山區","中原里",2665236,6130,2,2329315,10803,4,2322151,11382,6,3065,2700.75,1897
"中山區","北安里",1143886,1658,1,910070,1509,1,907128,2977,2,1658,1509,1488.5
"中山區","正守里",1556754,16127,5,1306723,21537,8,1296525,17451,7,3225.4,2692.125,2493
"中山區","正得里",2540630,2462396,2695,2131576,2457228,2689,2227378,2696101,2643,913.690538033395,913.807363332094,1020.09118426031
"中山區","正義里",1863467,33185,15,2114714,40235,16,1507649,36976,22,2212.33333333333,2514.6875,1680.72727272727
"中山區","民安里",2199181,1005250,1034,1959209,939853,979,1860548,1040213,974,972.195357833656,960.013278855975,1067.98049281314
"中山區","永安里",7282939,44732,15,6745621,48127,17,7252727,53359,22,2982.13333333333,2831,2425.40909090909
"中山區","成功里",8059297,25704,13,7688757,35804,19,6833355,43083,24,1977.23076923077,1884.42105263158,1795.125
"中山區","朱崙里",1481994,1969,1,1377307,2361,2,1463856,7044,4,1969,1180.5,1761
"中山區","朱園里",3668533,2892879,2584,3496850,2783583,2586,3538482,2983015,2573,1119.53521671827,1076.40487238979,1159.35289545278
"中山區","朱馥里",2368037,851268,823,2044452,810571,821,1975679,964496,815,1034.347509113,987.297198538368,1183.43067484663
"中山區","江山里",3493370,1271799,1079,3001512,1203153,1067,3038174,1441852,1070,1178.68303985171,1127.60356138707,1347.52523364486
"中山區","江寧里",3418699,1566836,1365,3018620,1502744,1360,2951080,1796898,1362,1147.8652014652,1104.95882352941,1319.30837004405
"中山區","行仁里",2643354,3063793,2712,2081083,2920212,2709,2084526,3382826,2706,1129.71718289086,1077.96677740864,1250.12047302291
"中山區","行孝里",1280764,1595156,1418,1041091,1522868,1418,1076915,1744174,1416,1124.93370944993,1073.95486600846,1231.76129943503
"中山區","行政里",2079313,2297609,2030,1674256,2229644,2029,1668848,2500707,2027,1131.82709359606,1098.8881222277,1233.69856931426
"中山區","松江里",5598296,1528555,1216,4846931,1419824,1143,3860897,1610797,1146,1257.03536184211,1242.19072615923,1405.58202443281
"中山區","金泰里",6825218,7926,3,6703096,13988,6,7517030,37781,17,2642,2331.33333333333,2222.41176470588
"中山區","恆安里",2918716,30712,13,3028074,32832,13,2894367,28089,15,2362.46153846154,2525.53846153846,1872.6
"中山區","埤頭里",1405598,693814,615,1203596,654323,611,1309839,714630,611,1128.15284552846,1070.90507364975,1169.60720130933
"中山區","康樂里",1164738,11624,3,980459,13095,4,957875,11421,4,3874.66666666667,3273.75,2855.25
"中山區","復華里",2846867,2641989,2271,2587823,2585715,2271,2577876,3018960,2271,1163.35931307794,1138.57992073976,1329.35270805812
"中山區","晴光里",2638372,39263,18,3020253,37595,19,2607461,21338,11,2181.27777777778,1978.68421052632,1939.81818181818
"中山區","集英里",4456451,3598224,3532,3384143,3469065,3527,3140444,3755446,3525,1018.74971687429,983.573858803516,1065.37475177305
"中山區","圓山里",1622601,2072765,2227,1299854,1995934,2223,1211378,2249384,2220,930.743152222721,897.856050382366,1013.23603603604
"中山區","新生里",1748138,2752978,2368,1397784,2630160,2371,1306300,2875726,2366,1162.57516891892,1109.3040911008,1215.43786982249
"中山區","新庄里",1485487,16568,6,1173839,15300,7,1096608,16133,8,2761.33333333333,2185.71428571429,2016.625
"中山區","新喜里",1969978,2176686,2026,1626316,2103201,2026,1589816,2405639,2027,1074.37611056269,1038.10513326752,1186.79773063641
"中山區","新福里",2413889,1209281,1052,2290261,1170098,1050,2322728,1290634,1045,1149.5066539924,1114.37904761905,1235.05645933014
"中山區","聚盛里",1621977,2576568,3047,1404107,2451864,3047,1120176,2618622,3040,845.608139153265,804.681325894322,861.388815789474
"中山區","聚葉里",2069461,2212128,2471,1612370,2124716,2483,1667460,2352197,2473,895.235936867665,855.705195328232,951.151233319854
"中山區","劍潭里",1402968,9145,3,1232013,8852,4,1250591,10449,5,3048.33333333333,2213,2089.8
"中山區","興亞里",3268189,3376373,2963,2766807,3204481,2954,2733689,3383138,2947,1139.51164360446,1084.79383886256,1147.99389209365
"中山區","龍洲里",2257254,1719460,1838,1979430,1637670,1835,1920619,1958647,1832,935.50598476605,892.463215258856,1069.13045851528
"中正區","三愛里",6251925,61067,27,5937247,66327,21,5650130,65449,23,2261.74074074074,3158.42857142857,2845.60869565217
"中正區","文北里",6656677,2370134,1707,5729473,2299484,1707,5678137,2493082,1703,1388.47920328061,1347.09080257762,1463.93540810335
"中正區","文盛里",1088609,1135752,1017,1021730,1097812,1016,1066555,1254647,1009,1116.76696165192,1080.52362204724,1243.45589692765
"中正區","文祥里",4762607,14711,6,4439436,16400,6,4321629,16577,7,2451.83333333333,2733.33333333333,2368.14285714286
"中正區","水源里",1181706,1498650,1393,1054351,1400388,1384,1068466,1590205,1387,1075.84350323044,1011.84104046243,1146.50684931507
"中正區","永功里",2280993,2003630,2144,1867505,1872859,2141,1960794,2049668,2141,934.528917910448,874.758991125642,957.341429238674
"中正區","永昌里",1392437,1787754,1840,1087030,1658277,1836,1117289,1869288,1828,971.605434782609,903.200980392157,1022.58643326039
"中正區","光復里",1970805,2036240,1911,1737634,1975271,1906,1725031,2145665,1895,1065.53636839351,1036.34365162644,1132.27704485488
"中正區","幸市里",4422285,2777859,2081,4456620,2667311,2074,4492373,2832249,2074,1334.86737145603,1286.07087753134,1365.59739633558
"中正區","幸福里",2778586,2536849,1920,2534506,2390702,1918,2469195,2610447,1908,1321.27552083333,1246.45568300313,1368.15880503145
"中正區","忠勤里",1327845,24248,18,954124,25727,20,968471,22460,24,1347.11111111111,1286.35,935.833333333333
"中正區","東門里",6236146,1492239,1344,8167388,1366617,1343,8482093,1534992,1330,1110.296875,1017.58525688757,1154.12932330827
"中正區","林興里",1415364,1728859,1910,1192070,1619335,1905,1164163,1927932,1890,905.161780104712,850.044619422572,1020.06984126984
"中正區","板溪里",2419578,1274948,1270,1944090,1260828,1265,2046511,1404356,1263,1003.89606299213,996.701976284585,1111.92082343626
"中正區","河堤里",2188285,17759,8,1852048,20461,8,1761444,22752,11,2219.875,2557.625,2068.36363636364
"中正區","南門里",3694189,4760,2,3622294,9326,4,3062896,7622,4,2380,2331.5,1905.5
"中正區","南福里",6307911,3755445,3567,5880198,3497877,3565,5982024,3923633,3555,1052.83010933558,981.171669004208,1103.69423347398
"中正區","建國里",883834,320810,354,768954,304044,345,858776,320034,341,906.242937853107,881.286956521739,938.516129032258
"中正區","梅花里",2161835,135386,93,1906946,134677,91,1839579,151201,90,1455.76344086022,1479.96703296703,1680.01111111111
"中正區","頂東里",2735946,38029,9,2383557,33307,11,2349742,39849,11,4225.44444444444,3027.90909090909,3622.63636363636
"中正區","富水里",1101735,730473,803,950522,743691,793,913984,812247,793,909.679950186799,937.819672131148,1024.2711223203
"中正區","愛國里",1396271,12501,4,1236882,12399,4,1209373,14672,5,3125.25,3099.75,2934.4
"中正區","新營里",5238475,30062,19,4595061,31675,19,4772212,30053,21,1582.21052631579,1667.10526315789,1431.09523809524
"中正區","網溪里",2604195,1084458,1109,2209373,1031425,1113,2168639,1245134,1112,977.870153291253,926.707097933513,1119.72482014388
"中正區","黎明里",1769657,563076,407,1568567,544929,404,1482847,539997,404,1383.47911547912,1348.83415841584,1336.62623762376
"中正區","螢圃里",2439712,456293,455,2332853,336368,456,2127213,528710,456,1002.84175824176,737.649122807018,1159.45175438596
"中正區","螢雪里",1600608,8242,5,1328611,9607,7,1298047,10213,7,1648.4,1372.42857142857,1459
"中正區","龍光里",1630645,1009918,990,1387118,948048,977,1500003,1069913,976,1020.11919191919,970.366427840328,1096.22233606557
"中正區","龍福里",2662579,1806879,1740,2274691,1676749,1719,2249260,1831419,1697,1038.43620689655,975.421175101803,1079.20978196818
"中正區","龍興里",1413343,888833,965,1144735,782816,933,1102691,879502,931,921.070466321244,839.031082529475,944.685284640172
"內湖區","大湖里",3203908,2388012,2308,2733080,2235833,2307,2695040,2425212,2304,1034.66724436742,969.151712180321,1052.609375
"內湖區","五分里",3551966,3138494,3057,2802078,3051180,3055,2797593,3389145,3051,1026.65816159634,998.749590834697,1110.83087512291
"內湖區","內湖里",2932678,12929,10,2647253,25443,13,2801884,27535,15,1292.9,1957.15384615385,1835.66666666667
"內湖區","內溝里",1673959,1529352,1615,1345104,1428240,1615,1338712,1568021,1616,946.967182662539,884.359133126935,970.310024752475
"內湖區","石潭里",2424943,820772,683,2072778,807080,687,2091079,906894,691,1201.71595900439,1174.78893740902,1312.43704775687
"內湖區","安泰里",1771228,1547159,1814,1267680,1483828,1816,1300580,1603497,1819,852.899117971334,817.0859030837,881.526663001649
"內湖區","安湖里",3150332,2362533,2187,2607184,2283446,2189,2584290,2541528,2186,1080.26200274348,1043.14572864322,1162.63860933211
"內湖區","行善里",2357576,9318,1,2031927,7254,2,2078427,6567,3,9318,3627,2189
"內湖區","西安里",2790972,2882,1,2283331,6324,3,2403534,5377,3,2882,2108,1792.33333333333
"內湖區","西康里",5066966,34409,17,4327210,41697,20,4328331,40504,23,2024.05882352941,2084.85,1761.04347826087
"內湖區","西湖里",2759499,20504,9,2179328,16816,10,2107689,16202,11,2278.22222222222,1681.6,1472.90909090909
"內湖區","秀湖里",3846729,2780123,2327,3578669,2607879,2329,3317539,2869281,2328,1194.72410829394,1119.74194933448,1232.50902061856
"內湖區","明湖里",2067653,1542048,1483,1752678,1439115,1481,1745689,1611130,1480,1039.8165879973,971.718433490885,1088.60135135135
"內湖區","東湖里",2536648,2408394,2365,1889790,2333120,2365,2027862,2543136,2408,1018.34841437632,986.520084566596,1056.1196013289
"內湖區","金湖里",8315905,5284392,3735,8168564,4886945,3732,7789300,5378645,3727,1414.83052208835,1309.47079314041,1443.15669439227
"內湖區","金瑞里",2439534,1095098,1199,2025541,1038553,1194,2079786,1207355,1210,913.342785654712,869.809882747069,997.814049586777
"內湖區","金龍里",1814336,1669469,1794,1457052,1573019,1805,1527982,1739560,1800,930.584726867336,871.478670360111,966.422222222222
"內湖區","南湖里",3473510,2006762,1840,3015997,2001902,1840,3172758,2259916,1839,1090.63152173913,1087.9902173913,1228.88308863513
"內湖區","康寧里",3954379,2802621,2549,3344056,2624439,2550,3419537,2972683,2554,1099.4982346018,1029.19176470588,1163.93226311668
"內湖區","清白里",5955374,4065658,3722,5331291,3966744,3723,5094999,4492476,3721,1092.33154218162,1065.46978243352,1207.33028755711
"內湖區","港都里",2496267,12248,7,2170392,17598,10,2111668,14994,10,1749.71428571429,1759.8,1499.4
"內湖區","港富里",3989327,14935,8,3368572,26946,10,3553831,30639,13,1866.875,2694.6,2356.84615384615
"內湖區","港華里",4357637,11185,8,3710180,20044,13,3831401,24237,16,1398.125,1541.84615384615,1514.8125
"內湖區","港墘里",2786914,18948,5,2333507,43353,9,2243920,31961,10,3789.6,4817,3196.1
"內湖區","湖元里",2625242,43952,11,2145522,44048,12,2026786,127238,29,3995.63636363636,3670.66666666667,4387.51724137931
"內湖區","湖興里",3106076,8169,9,2490831,13051,12,2484103,11888,12,907.666666666667,1087.58333333333,990.666666666667
"內湖區","湖濱里",4571248,20503,7,3910802,28223,8,4031594,29187,11,2929,3527.875,2653.36363636364
"內湖區","紫星里",3126860,3021081,2870,2538043,2937188,2867,2579993,3351902,2866,1052.64146341463,1024.48133937914,1169.54012561061
"內湖區","紫陽里",3734646,26855,7,3185346,26314,10,3117405,24073,12,3836.42857142857,2631.4,2006.08333333333
"內湖區","紫雲里",2119923,2087799,2062,1769350,2011978,2064,1748131,2233119,2056,1012.51163918526,974.795542635659,1086.14737354086
"內湖區","週美里",5086235,8332,7,4937504,11242,11,4811092,21815,15,1190.28571428571,1022,1454.33333333333
"內湖區","瑞光里",1811752,1476,1,1443065,874,1,1425463,9156,6,1476,874,1526
"內湖區","葫洲里",3946462,2532291,2257,3570438,2490066,2242,3252130,2763783,2507,1121.97208684094,1110.64495985727,1102.42640606302
"內湖區","碧山里",2835913,2135483,2516,2332114,1985845,2512,2308204,2180201,2601,848.761128775835,790.543391719745,838.216455209535
"文山區","木柵里",4713282,12394,6,4210655,21614,10,4276861,17108,8,2065.66666666667,2161.4,2138.5
"文山區","忠順里",1984322,7003,5,1781075,14477,6,1878435,15433,4,1400.6,2412.83333333333,3858.25
"文山區","明義里",1015557,10376,2,874007,15149,4,919740,14716,6,5188,3787.25,2452.66666666667
"文山區","明興里",2681249,2494,1,2099319,7864,3,2052336,9279,7,2494,2621.33333333333,1325.57142857143
"文山區","指南里",1584447,11335,7,1253201,12414,7,1300511,10466,17,1619.28571428571,1773.42857142857,615.647058823529
"文山區","政大里",4667440,15572,8,4198188,30286,13,4134397,35909,10,1946.5,2329.69230769231,3590.9
"文山區","景仁里",2404419,1596008,1596,2146067,1508307,1595,2271261,1694574,2793,1000.00501253133,945.647021943574,606.721804511278
"文山區","景行里",3014175,2596281,2824,2562303,2428233,2821,2664309,2640961,2512,919.362960339943,860.770294221907,1051.33797770701
"文山區","景東里",2737128,2129333,2518,2252452,2083311,2515,2206626,2247977,1766,845.644559173948,828.354274353877,1272.9201585504
"文山區","景美里",2245397,1799552,1766,1860340,1723822,1767,1820278,1911917,1949,1018.99886749717,975.564233163554,980.973319651103
"文山區","景華里",2318317,1914880,1957,1910283,1847007,1953,1846029,2077352,2099,978.47726111395,945.728110599078,989.686517389233
"文山區","華興里",4280191,14769,5,4160625,22105,7,3631927,30258,5,2953.8,3157.85714285714,6051.6
"文山區","萬年里",2605556,2078531,2267,2505512,1959628,2262,2401197,2252465,1814,916.86413762682,866.325375773652,1241.71168687982
"文山區","萬有里",2498517,1789415,1822,2121458,1753143,1822,2077370,1966075,1268,982.115806805708,962.208013172338,1550.53233438486
"文山區","萬芳里",3122822,17971,3,2465708,24473,4,2512057,24811,16,5990.33333333333,6118.25,1550.6875
"文山區","萬盛里",1988603,1849269,1966,1621953,1811965,1967,1554100,1965577,1719,940.62512716175,921.18200305033,1143.44211751018
"文山區","萬祥里",1685499,1657352,1722,1395361,1617137,1719,1380172,1835030,2558,962.457607433217,940.742873763816,717.369038311181
"文山區","萬興里",4098419,14846,7,3586749,12930,7,3524435,20090,4,2120.85714285714,1847.14285714286,5022.5
"文山區","試院里",3153236,4397,6,2727208,3950,5,2732728,2450,2,732.833333333333,790,1225
"文山區","樟文里",2190059,3202,2,1765038,4271,2,1815670,3798,2,1601,2135.5,1899
"文山區","樟林里",3261423,4340,3,2582719,4553,3,2491481,2904,7,1446.66666666667,1517.66666666667,414.857142857143
"文山區","樟新里",2656586,3398,4,2216443,6973,5,2149937,12736,3,849.5,1394.6,4245.33333333333
"文山區","興光里",1484179,870059,877,1205982,836782,876,1395482,918074,2450,992.085518814139,955.230593607306,374.724081632653
"文山區","興安里",3225800,2399012,2454,2757293,2253534,2448,2721358,2452399,1847,977.59250203749,920.561274509804,1327.77422847861
"文山區","興邦里",2051880,1711997,1847,1676501,1656404,1847,1698513,1779002,3333,926.90687601516,896.807796426638,533.75397539754
"文山區","興旺里",3152867,2850383,3338,2534113,2746103,3337,2540266,2967289,2479,853.919412822049,822.925681750075,1196.97014925373
"文山區","興泰里",1666991,1645276,1685,1474282,1597395,1684,1418075,1718153,1717,976.424925816024,948.571852731591,1000.67152009319
"文山區","興得里",2084061,1798957,1720,1688698,1684287,1717,1742598,1888347,2021,1045.90523255814,980.947582993594,934.362691736764
"文山區","興業里",2255470,2007054,2024,1898115,1881394,2022,1769262,2130670,1832,991.627470355731,930.461918892186,1163.02947598253
"文山區","興福里",2115024,1768190,1835,1683242,1641053,1830,1693666,1808917,1709,963.591280653951,896.750273224044,1058.46518431831
"文山區","興豐里",2309652,1817272,1708,2002878,1733820,1708,1990364,1869555,2642,1063.97658079625,1015.11709601874,707.628690386071
"北投區","一德里",2676428,2616545,2647,2103791,2333983,2647,2113944,2712553,1874,988.494522100491,881.7465054779,1447.46691568837
"北投區","八仙里",2117106,2131697,1882,1714791,2056409,1875,1696924,2281858,465,1132.67640807651,1096.75146666667,4907.22150537634
"北投區","中央里",3222082,3182735,3218,2701963,3027251,3214,2628088,3467260,1396,989.041330018645,941.895146235221,2483.7106017192
"北投區","中庸里",1249739,419,4,991066,2194,11,942586,1851,3,104.75,199.454545454545,617
"北投區","文林里",1831055,1890208,1632,1574326,1756803,1630,1676192,2046679,3751,1158.21568627451,1077.79325153374,545.63556384964
"北投區","永和里",5096972,4172277,3756,4472544,4094457,3755,4303709,4601788,1643,1110.82987220447,1090.40133155792,2800.84479610469
"北投區","永明里",2035358,1830069,1646,1813448,1772512,1645,1734909,1909123,3465,1111.82806804374,1077.51489361702,550.973448773449
"北投區","永欣里",6281308,3440187,3472,5741041,3287204,3467,6055132,3739003,1974,990.837269585253,948.140755696568,1894.1251266464
"北投區","石牌里",1962609,2178805,1977,1565579,2015138,1973,1600740,2321308,2975,1102.07637835104,1021.35732387228,780.271596638655
"北投區","立農里",3214971,2939962,2979,2685976,2897912,2975,2784970,3254568,1665,986.895602551192,974.088067226891,1954.6954954955
"北投區","立賢里",1929829,1992591,1669,1552351,1881249,1668,1594684,2065474,2042,1193.883163571,1127.84712230216,1011.49559255632
"北投區","吉利里",2563204,2014168,2044,2149713,1937248,2042,2061881,2117461,1546,985.405088062622,948.701273261508,1369.63842173351
"北投區","吉慶里",1975853,1731554,1573,1666240,1638932,1548,1648946,1808202,1057,1100.7972027972,1058.74160206718,1710.69252601703
"北投區","林泉里",1593202,3398,3,1081071,2681,2,918249,3214,3,1132.66666666667,1340.5,1071.33333333333
"北投區","振華里",3166187,3115255,2678,2580184,3010513,2676,2541501,3357531,2232,1163.27669902913,1125.00485799701,1504.27016129032
"北投區","桃源里",2059859,1963231,2235,1587471,1865241,2236,1605706,2161883,2930,878.403131991052,834.186493738819,737.844027303754
"北投區","清江里",2697612,2870427,2946,2113675,2799108,2940,2203932,3164193,1340,974.347250509165,952.077551020408,2361.33805970149
"北投區","智仁里",1755641,5255,2,1352107,4939,2,1382149,6736,1,2627.5,2469.5,6736
"北投區","裕民里",3712093,3202885,2844,3307013,3168738,2841,3248797,3655754,2284,1126.19022503516,1115.3600844773,1600.59281961471
"北投區","榮光里",2502501,2462601,2312,1996737,2308594,2309,1976589,2596199,3159,1065.13884083045,999.82416630576,821.842038619816
"北投區","榮華里",4404813,3604738,3171,4388272,3530606,3170,4020018,4089523,2232,1136.78271838537,1113.75583596215,1832.22356630824
"北投區","福興里",2626172,2383316,2261,2212115,2260368,2236,2192908,2602466,1886,1054.09818664308,1010.89803220036,1379.88653234358
"北投區","稻香里",1629015,1703718,1930,1279988,1586256,1888,1298588,1799862,1382,882.755440414508,840.177966101695,1302.36034732272
"北投區","豐年里",1261909,1309752,1383,981619,1196361,1384,995362,1343368,3932,947.036876355748,864.422687861272,341.6500508647
"北投區","關渡里",3937444,3881989,3965,3190932,3690132,3947,3246368,4186275,1128,979.064060529634,934.920699265265,3711.23670212766
"松山區","三民里",3559026,1240370,1131,3066884,1135166,1131,2944426,1325043,1146,1096.70203359859,1003.68346595933,1156.23298429319
"松山區","中正里",6661394,1649887,1266,7153080,1434994,1155,6346620,1598834,1501,1303.22827804107,1242.41904761905,1065.17921385743
"松山區","中崙里",2191766,1618457,1495,1782422,1562779,1504,1908508,1684482,1090,1082.57993311037,1039.08178191489,1545.39633027523
"松山區","中華里",6236022,1434587,1107,8166925,1411914,1105,6577126,1552714,1351,1295.92321589883,1277.75022624434,1149.30717986677
"松山區","民福里",2600531,12831,6,2210642,11193,7,2209825,9837,12,2138.5,1599,819.75
"松山區","吉祥里",4319355,3720847,3194,3595760,3640971,3192,3575722,3985806,3523,1164.94896681277,1140.65507518797,1131.36701674709
"松山區","安平里",3084246,3774526,3539,2635541,3648661,3531,2562196,4113276,2821,1066.55156823962,1033.3222883036,1458.09145693017
"松山區","自強里",4605751,3523249,3016,3945683,3373348,3016,3843099,3482250,2661,1168.18600795756,1118.48408488064,1308.62457722661
"松山區","松基里",3459900,2049283,1494,3623877,1902629,1474,2733042,2088833,1057,1371.67536813922,1290.79308005427,1976.19016083254
"松山區","美仁里",1832648,1319732,1059,1625792,1307177,1057,1566381,1451533,941,1246.20585457979,1236.68590350047,1542.54303931987
"松山區","莊敬里",1746409,1001036,936,1401634,991562,939,1361477,1114330,1979,1069.48290598291,1055.97657082002,563.077311773623
"松山區","富錦里",2672913,6757,5,2431746,8381,3,2445307,8255,4,1351.4,2793.66666666667,2063.75
"松山區","復盛里",2599065,2495414,2280,2163754,2418057,2276,2063085,2779999,2335,1094.4798245614,1062.41520210896,1190.57773019272
"松山區","復源里",1582604,2748,1,1487407,5017,2,1528649,5490,11,2748,2508.5,499.090909090909
"松山區","慈祐里",2393918,3227473,3191,2014828,2985035,3171,1978219,3235562,1532,1011.42995926042,941.354462314727,2111.98563968668
"松山區","新東里",2119040,1606882,1532,1698310,1504143,1534,1732442,1750288,1177,1048.87859007833,980.536505867014,1487.07561597281
"松山區","新益里",1833028,1305195,1177,1503442,1282074,1178,1514178,1427504,3176,1108.91673746814,1088.3480475382,449.465994962217
"松山區","新聚里",3448491,3729857,3192,3019684,3476403,3185,2846285,3866980,817,1168.50156641604,1091.49230769231,4733.14565483476
"松山區","龍田里",5853077,2611848,2359,5106926,2530539,2358,5014625,2849350,1765,1107.18440016956,1073.17175572519,1614.36260623229
"松山區","鵬程里",2281296,2033977,1815,1957311,1925106,1768,1975239,2093520,3385,1120.64848484848,1088.86085972851,618.469719350074
"信義區","三張里",4445529,4191419,3389,4019577,4064888,3383,3971858,4490296,2110,1236.77161404544,1201.56310966598,2128.10236966825
"信義區","大仁里",1177399,6780,2,940562,6582,3,896743,8042,6,3390,2194,1340.33333333333
"信義區","大道里",2345979,14436,5,1960280,18067,6,1909860,13811,5,2887.2,3011.16666666667,2762.2
"信義區","中行里",2473249,8843,4,1959131,8520,4,1908937,9051,4,2210.75,2130,2262.75
"信義區","五常里",1352083,1497503,1362,1153511,1382074,1347,1173977,1517512,2749,1099.48825256975,1026.03860430586,552.023281193161
"信義區","正和里",2400533,1957001,1710,2089615,1889697,1711,2011693,2056141,1266,1144.44502923977,1104.44009351257,1624.12401263823
"信義區","永春里",1625566,5392,3,1371022,6753,4,1397702,11579,34,1797.33333333333,1688.25,340.558823529412
"信義區","松光里",1953822,17993,5,1607837,16996,6,1568798,16911,4,3598.6,2832.66666666667,4227.75
"信義區","松隆里",565624,11080,3,427084,10820,4,438247,12520,6,3693.33333333333,2705,2086.66666666667
"信義區","國業里",3215341,12374,4,2779154,13593,7,2721790,12879,3,3093.5,1941.85714285714,4293
"信義區","敦厚里",2387902,6690,4,1993541,12105,7,1949440,13736,7,1672.5,1729.28571428571,1962.28571428571
"信義區","景新里",4254780,3191581,2125,3760055,3083758,2123,3712460,3337278,383,1501.92047058824,1452.54733867169,8713.51958224543
"信義區","新仁里",1680988,3118,3,1406194,3102,2,1705815,3185,2,1039.33333333333,1551,1592.5
"信義區","嘉興里",1184213,3918,1,1119067,3900,1,1005898,2056,5,3918,3900,411.2
"信義區","廣居里",3601197,18018,3,3083160,18144,3,2977809,15745,8,6006,6048,1968.125
"信義區","黎平里",2712582,23052,6,2229924,11397,7,2177618,11225,3,3842,1628.14285714286,3741.66666666667
"信義區","雙和里",2726357,906285,889,2212366,859346,890,2191538,934420,2205,1019.44319460067,965.557303370786,423.773242630385
"南港區","中南里",1016827,1103218,1209,774332,1066093,1212,742019,1151789,3056,912.504549214227,879.614686468647,376.894306282723
"南港區","仁福里",1965112,5377,2,1562480,4944,2,1558456,3416,1,2688.5,2472,3416
"南港區","百福里",1682251,1052,1,1306957,983,1,1283428,1487,3,1052,983,495.666666666667
"南港區","西新里",1616325,1365,1,1327153,5620,3,1229365,6204,2,1365,1873.33333333333,3102
"南港區","東新里",2490917,11597,4,1932294,7832,4,1876341,11088,8,2899.25,1958,1386
"南港區","南港里",2209438,38685,6,1852085,27402,8,1965713,25762,11,6447.5,3425.25,2342
"南港區","新光里",1548465,1411070,1465,1370992,1290224,1439,1341654,1441490,1230,963.18771331058,896.611535788742,1171.94308943089
"南港區","萬福里",1908223,19573,5,1570444,14843,4,1527927,19406,5,3914.6,3710.75,3881.2
"南港區","聯成里",1671611,3849,3,1267717,4269,3,1279142,5513,3,1283,1423,1837.66666666667
"萬華區","仁德里",2051419,1485354,1413,1743839,1444429,1409,1745497,1580393,2085,1051.2059447983,1025.14478353442,757.982254196643
"萬華區","日祥里",1488212,1853230,2084,1237688,1819572,2084,1245776,2009587,1282,889.265834932821,873.115163147793,1567.54056162246
"萬華區","日善里",998940,1322131,1285,776050,1286442,1282,785069,1397997,1418,1028.89571984436,1003.46489859594,985.893511988716
"萬華區","全德里",1466668,1461901,1423,1198064,1425872,1422,1199253,1561071,678,1027.33731553057,1002.7229254571,2302.46460176991
"萬華區","西門里",1320388,703178,687,1099838,698258,680,1073358,668903,826,1023.54876273654,1026.85,809.809927360775
"萬華區","孝德里",803187,811282,831,629142,804431,830,627551,878266,2640,976.271961492178,969.193975903615,332.676515151515
"萬華區","和平里",1567479,2520225,2655,1163721,2345559,2648,1140622,2636780,2430,949.237288135593,885.785120845921,1085.09465020576
"萬華區","忠貞里",1048373,1559,3,802657,1590,4,763739,1723,4,519.666666666667,397.5,430.75
"萬華區","青山里",1385439,2310873,1973,1131730,2272435,1961,1162528,2415167,1272,1171.24835276229,1158.81438041815,1898.71619496855
"萬華區","保德里",1232554,1241740,1275,1047488,1229895,1270,1035579,1345876,778,973.913725490196,968.42125984252,1729.9177377892
"萬華區","凌霄里",865513,8112,1,651830,8115,1,643399,6658,20,8112,8115,332.9
"萬華區","菜園里",2115133,1309849,1334,1653256,1261177,1330,1562217,1405130,487,981.895802098951,948.253383458647,2885.2772073922
"萬華區","新和里",2733349,7253,5,2151160,9304,5,2095617,10476,10,1450.6,1860.8,1047.6
"萬華區","壽德里",1524587,1785642,1744,1256305,1758935,1746,1160246,1955091,1403,1023.87729357798,1007.40836197022,1393.50748396294
"萬華區","榮德里",818531,1351756,1401,571447,1295605,1402,576807,1423592,3323,964.850820842256,924.111982881598,428.405657538369
"萬華區","福星里",1700303,2703147,3341,1340957,2620368,3328,1311418,2706339,866,809.083208620174,787.370192307692,3125.10277136259
"萬華區","錦德里",1366122,17699,4,1027760,19278,4,1013427,15367,16,4424.75,4819.5,960.4375
"萬華區","雙園里",1457689,15539,15,1245003,12121,15,1171373,12144,2,1035.93333333333,808.066666666667,6072
